[{"pk": 27, "model": "contenttypes.contenttype", "fields": {"model": "tag", "name": "Tag", "app_label": "taggit"}}, {"pk": 28, "model": "contenttypes.contenttype", "fields": {"model": "taggeditem", "name": "Tagged Item", "app_label": "taggit"}}, {"pk": 16, "model": "contenttypes.contenttype", "fields": {"model": "article", "name": "article", "app_label": "blog"}}, {"pk": 17, "model": "contenttypes.contenttype", "fields": {"model": "casestudy", "name": "case study", "app_label": "blog"}}, {"pk": 23, "model": "contenttypes.contenttype", "fields": {"model": "client", "name": "client", "app_label": "portfolio"}}, {"pk": 5, "model": "contenttypes.contenttype", "fields": {"model": "contenttype", "name": "content type", "app_label": "contenttypes"}}, {"pk": 25, "model": "contenttypes.contenttype", "fields": {"model": "emailmessage", "name": "email", "app_label": "content"}}, {"pk": 26, "model": "contenttypes.contenttype", "fields": {"model": "frontpagecontent", "name": "front page image", "app_label": "content"}}, {"pk": 2, "model": "contenttypes.contenttype", "fields": {"model": "group", "name": "group", "app_label": "auth"}}, {"pk": 15, "model": "contenttypes.contenttype", "fields": {"model": "image", "name": "image", "app_label": "blog"}}, {"pk": 21, "model": "contenttypes.contenttype", "fields": {"model": "category", "name": "image", "app_label": "portfolio"}}, {"pk": 8, "model": "contenttypes.contenttype", "fields": {"model": "logentry", "name": "log entry", "app_label": "admin"}}, {"pk": 4, "model": "contenttypes.contenttype", "fields": {"model": "message", "name": "message", "app_label": "auth"}}, {"pk": 9, "model": "contenttypes.contenttype", "fields": {"model": "migrationhistory", "name": "migration history", "app_label": "south"}}, {"pk": 1, "model": "contenttypes.contenttype", "fields": {"model": "permission", "name": "permission", "app_label": "auth"}}, {"pk": 22, "model": "contenttypes.contenttype", "fields": {"model": "portfoliopiece", "name": "portfolio piece", "app_label": "portfolio"}}, {"pk": 20, "model": "contenttypes.contenttype", "fields": {"model": "project", "name": "project", "app_label": "portfolio"}}, {"pk": 19, "model": "contenttypes.contenttype", "fields": {"model": "quote", "name": "quote", "app_label": "blog"}}, {"pk": 6, "model": "contenttypes.contenttype", "fields": {"model": "session", "name": "session", "app_label": "sessions"}}, {"pk": 18, "model": "contenttypes.contenttype", "fields": {"model": "shortpost", "name": "short post", "app_label": "blog"}}, {"pk": 7, "model": "contenttypes.contenttype", "fields": {"model": "site", "name": "site", "app_label": "sites"}}, {"pk": 13, "model": "contenttypes.contenttype", "fields": {"model": "source", "name": "source", "app_label": "easy_thumbnails"}}, {"pk": 24, "model": "contenttypes.contenttype", "fields": {"model": "staticpage", "name": "static page", "app_label": "content"}}, {"pk": 12, "model": "contenttypes.contenttype", "fields": {"model": "storage", "name": "storage", "app_label": "easy_thumbnails"}}, {"pk": 10, "model": "contenttypes.contenttype", "fields": {"model": "tag", "name": "tag", "app_label": "tagging"}}, {"pk": 11, "model": "contenttypes.contenttype", "fields": {"model": "taggeditem", "name": "tagged item", "app_label": "tagging"}}, {"pk": 14, "model": "contenttypes.contenttype", "fields": {"model": "thumbnail", "name": "thumbnail", "app_label": "easy_thumbnails"}}, {"pk": 3, "model": "contenttypes.contenttype", "fields": {"model": "user", "name": "user", "app_label": "auth"}}, {"pk": "42472dd8e346f83e62e1483a9221c0dc", "model": "sessions.session", "fields": {"expire_date": "2011-06-29 09:59:02", "session_data": "ZjliOWE5MjY3Yzc4YzJjZTUzNzc0ZGFiYmM2MzA1MmMzYjBmMDY0YzqAAn1xAVUKdGVzdGNvb2tp\nZXECVQZ3b3JrZWRxA3Mu\n"}}, {"pk": "9f5a8247b3b968c5a84b5108fc226fdf", "model": "sessions.session", "fields": {"expire_date": "2010-10-01 11:59:19", "session_data": "gAJ9cQEoVRJfYXV0aF91c2VyX2JhY2tlbmRxAlUpZGphbmdvLmNvbnRyaWIuYXV0aC5iYWNrZW5k\ncy5Nb2RlbEJhY2tlbmRxA1UNX2F1dGhfdXNlcl9pZHEESwJ1LjRhY2NkMWFmMTU4MTUzYjM1NzQ4\nYjllMmJiOGMxYjJl\n"}}, {"pk": "1e990133e7873ca737f9d5eea979e5f5", "model": "sessions.session", "fields": {"expire_date": "2010-10-06 17:48:09", "session_data": "gAJ9cQFVCnRlc3Rjb29raWVxAlUGd29ya2VkcQNzLjc0ZjYwMWVhMWQ0MjdjMTM3MGFmMzFiOTRi\nNDgzZTE5\n"}}, {"pk": "d526d6ffa8348f005a3509bc4a359744", "model": "sessions.session", "fields": {"expire_date": "2010-10-10 03:36:37", "session_data": "gAJ9cQFVCnRlc3Rjb29raWVxAlUGd29ya2VkcQNzLjc0ZjYwMWVhMWQ0MjdjMTM3MGFmMzFiOTRi\nNDgzZTE5\n"}}, {"pk": "c1ec87c1a8fde0024b887f32184e486d", "model": "sessions.session", "fields": {"expire_date": "2010-10-11 18:31:59", "session_data": "gAJ9cQEoVRJfYXV0aF91c2VyX2JhY2tlbmRxAlUpZGphbmdvLmNvbnRyaWIuYXV0aC5iYWNrZW5k\ncy5Nb2RlbEJhY2tlbmRxA1UNX2F1dGhfdXNlcl9pZHEESwF1LjQwYzA5MzM5NDY4YTE1YzQ2Zjk0\nMTRiNTJkZWQzNDVj\n"}}, {"pk": "3066c3f8fd1fa28ba9acb5135bce3309", "model": "sessions.session", "fields": {"expire_date": "2010-08-25 08:42:38", "session_data": "gAJ9cQEoVRJfYXV0aF91c2VyX2JhY2tlbmRxAlUpZGphbmdvLmNvbnRyaWIuYXV0aC5iYWNrZW5k\ncy5Nb2RlbEJhY2tlbmRxA1UNX2F1dGhfdXNlcl9pZHEESwJ1LjRhY2NkMWFmMTU4MTUzYjM1NzQ4\nYjllMmJiOGMxYjJl\n"}}, {"pk": "f8001c27b732cf2ce225d35faabadfa3", "model": "sessions.session", "fields": {"expire_date": "2010-08-25 10:00:11", "session_data": "gAJ9cQEoVRJfYXV0aF91c2VyX2JhY2tlbmRxAlUpZGphbmdvLmNvbnRyaWIuYXV0aC5iYWNrZW5k\ncy5Nb2RlbEJhY2tlbmRxA1UNX2F1dGhfdXNlcl9pZHEESwF1LjQwYzA5MzM5NDY4YTE1YzQ2Zjk0\nMTRiNTJkZWQzNDVj\n"}}, {"pk": "6ac98b304fa940bd1fa3160f2b07f2cf", "model": "sessions.session", "fields": {"expire_date": "2010-08-25 18:39:22", "session_data": "gAJ9cQEoVRJfYXV0aF91c2VyX2JhY2tlbmRxAlUpZGphbmdvLmNvbnRyaWIuYXV0aC5iYWNrZW5k\ncy5Nb2RlbEJhY2tlbmRxA1UNX2F1dGhfdXNlcl9pZHEESwJ1LjRhY2NkMWFmMTU4MTUzYjM1NzQ4\nYjllMmJiOGMxYjJl\n"}}, {"pk": "958688a683e9b06a7194f4ea7fbbc64b", "model": "sessions.session", "fields": {"expire_date": "2010-10-11 22:51:36", "session_data": "gAJ9cQEoVRJfYXV0aF91c2VyX2JhY2tlbmRxAlUpZGphbmdvLmNvbnRyaWIuYXV0aC5iYWNrZW5k\ncy5Nb2RlbEJhY2tlbmRxA1UNX2F1dGhfdXNlcl9pZHEESwJ1LjRhY2NkMWFmMTU4MTUzYjM1NzQ4\nYjllMmJiOGMxYjJl\n"}}, {"pk": "d255f98c1f9620d96bb332e4ef1357e2", "model": "sessions.session", "fields": {"expire_date": "2010-08-28 15:33:00", "session_data": "gAJ9cQEoVRJfYXV0aF91c2VyX2JhY2tlbmRxAlUpZGphbmdvLmNvbnRyaWIuYXV0aC5iYWNrZW5k\ncy5Nb2RlbEJhY2tlbmRxA1UNX2F1dGhfdXNlcl9pZHEESwF1LjQwYzA5MzM5NDY4YTE1YzQ2Zjk0\nMTRiNTJkZWQzNDVj\n"}}, {"pk": "8bb294a0fea9d6602a4b869852bc62b5", "model": "sessions.session", "fields": {"expire_date": "2010-09-09 14:02:17", "session_data": "gAJ9cQEoVRJfYXV0aF91c2VyX2JhY2tlbmRxAlUpZGphbmdvLmNvbnRyaWIuYXV0aC5iYWNrZW5k\ncy5Nb2RlbEJhY2tlbmRxA1UNX2F1dGhfdXNlcl9pZHEESwJ1LjRhY2NkMWFmMTU4MTUzYjM1NzQ4\nYjllMmJiOGMxYjJl\n"}}, {"pk": "b348f3a7167b213fd915765c82683e36", "model": "sessions.session", "fields": {"expire_date": "2010-09-09 14:09:04", "session_data": "gAJ9cQEoVRJfYXV0aF91c2VyX2JhY2tlbmRxAlUpZGphbmdvLmNvbnRyaWIuYXV0aC5iYWNrZW5k\ncy5Nb2RlbEJhY2tlbmRxA1UNX2F1dGhfdXNlcl9pZHEESwJ1LjRhY2NkMWFmMTU4MTUzYjM1NzQ4\nYjllMmJiOGMxYjJl\n"}}, {"pk": "20200ff0ad38717c78d7adabd3c842f1", "model": "sessions.session", "fields": {"expire_date": "2010-09-14 11:14:57", "session_data": "gAJ9cQEoVRJfYXV0aF91c2VyX2JhY2tlbmRxAlUpZGphbmdvLmNvbnRyaWIuYXV0aC5iYWNrZW5k\ncy5Nb2RlbEJhY2tlbmRxA1UNX2F1dGhfdXNlcl9pZHEESwJ1LjRhY2NkMWFmMTU4MTUzYjM1NzQ4\nYjllMmJiOGMxYjJl\n"}}, {"pk": "7b6e27a1f441b929d3d3b379da82cc73", "model": "sessions.session", "fields": {"expire_date": "2010-09-16 14:20:00", "session_data": "gAJ9cQEoVRJfYXV0aF91c2VyX2JhY2tlbmRxAlUpZGphbmdvLmNvbnRyaWIuYXV0aC5iYWNrZW5k\ncy5Nb2RlbEJhY2tlbmRxA1UNX2F1dGhfdXNlcl9pZHEESwF1LjQwYzA5MzM5NDY4YTE1YzQ2Zjk0\nMTRiNTJkZWQzNDVj\n"}}, {"pk": "3868ccba17c2965f58dde2bc863f45c6", "model": "sessions.session", "fields": {"expire_date": "2010-10-20 15:34:16", "session_data": "gAJ9cQEoVRJfYXV0aF91c2VyX2JhY2tlbmRxAlUpZGphbmdvLmNvbnRyaWIuYXV0aC5iYWNrZW5k\ncy5Nb2RlbEJhY2tlbmRxA1UNX2F1dGhfdXNlcl9pZHEESwJ1LjRhY2NkMWFmMTU4MTUzYjM1NzQ4\nYjllMmJiOGMxYjJl\n"}}, {"pk": "7310c58dd8a6bd35c339957486140441", "model": "sessions.session", "fields": {"expire_date": "2010-11-08 18:37:11", "session_data": "gAJ9cQEoVRJfYXV0aF91c2VyX2JhY2tlbmRxAlUpZGphbmdvLmNvbnRyaWIuYXV0aC5iYWNrZW5k\ncy5Nb2RlbEJhY2tlbmRxA1UNX2F1dGhfdXNlcl9pZHEESwJ1LjRhY2NkMWFmMTU4MTUzYjM1NzQ4\nYjllMmJiOGMxYjJl\n"}}, {"pk": "fe75f959a5165d164ce1ae4317d3e609", "model": "sessions.session", "fields": {"expire_date": "2010-11-25 16:53:14", "session_data": "gAJ9cQEoVRJfYXV0aF91c2VyX2JhY2tlbmRxAlUpZGphbmdvLmNvbnRyaWIuYXV0aC5iYWNrZW5k\ncy5Nb2RlbEJhY2tlbmRxA1UNX2F1dGhfdXNlcl9pZHEESwJ1LjRhY2NkMWFmMTU4MTUzYjM1NzQ4\nYjllMmJiOGMxYjJl\n"}}, {"pk": "e22fe5e75ff33c32c889c7ee3777b72f", "model": "sessions.session", "fields": {"expire_date": "2010-12-11 15:03:04", "session_data": "gAJ9cQEoVRJfYXV0aF91c2VyX2JhY2tlbmRxAlUpZGphbmdvLmNvbnRyaWIuYXV0aC5iYWNrZW5k\ncy5Nb2RlbEJhY2tlbmRxA1UNX2F1dGhfdXNlcl9pZHEESwN1LjdkNjRhNWY1YTBiMDBlM2Q4NGQ1\nOTNiYmViOTU5MjA1\n"}}, {"pk": "3d7d708c9ce9a3036775332d9d81db36", "model": "sessions.session", "fields": {"expire_date": "2010-12-09 19:36:53", "session_data": "gAJ9cQEoVRJfYXV0aF91c2VyX2JhY2tlbmRxAlUpZGphbmdvLmNvbnRyaWIuYXV0aC5iYWNrZW5k\ncy5Nb2RlbEJhY2tlbmRxA1UNX2F1dGhfdXNlcl9pZHEESwF1LjQwYzA5MzM5NDY4YTE1YzQ2Zjk0\nMTRiNTJkZWQzNDVj\n"}}, {"pk": "f2ca194c3b66f1a0b8e3c50d1f22f0dd", "model": "sessions.session", "fields": {"expire_date": "2010-12-13 15:55:23", "session_data": "gAJ9cQEoVRJfYXV0aF91c2VyX2JhY2tlbmRxAlUpZGphbmdvLmNvbnRyaWIuYXV0aC5iYWNrZW5k\ncy5Nb2RlbEJhY2tlbmRxA1UNX2F1dGhfdXNlcl9pZHEESwJ1LjRhY2NkMWFmMTU4MTUzYjM1NzQ4\nYjllMmJiOGMxYjJl\n"}}, {"pk": "038bfa11dd601ec0f0b6b6925b1d959f", "model": "sessions.session", "fields": {"expire_date": "2010-12-12 07:45:26", "session_data": "gAJ9cQEoVRJfYXV0aF91c2VyX2JhY2tlbmRxAlUpZGphbmdvLmNvbnRyaWIuYXV0aC5iYWNrZW5k\ncy5Nb2RlbEJhY2tlbmRxA1UNX2F1dGhfdXNlcl9pZHEESwN1LjdkNjRhNWY1YTBiMDBlM2Q4NGQ1\nOTNiYmViOTU5MjA1\n"}}, {"pk": "5d3ab661c500e824e3d938e8ab0472ec", "model": "sessions.session", "fields": {"expire_date": "2010-12-13 09:29:14", "session_data": "gAJ9cQEoVRJfYXV0aF91c2VyX2JhY2tlbmRxAlUpZGphbmdvLmNvbnRyaWIuYXV0aC5iYWNrZW5k\ncy5Nb2RlbEJhY2tlbmRxA1UNX2F1dGhfdXNlcl9pZHEESwN1LjdkNjRhNWY1YTBiMDBlM2Q4NGQ1\nOTNiYmViOTU5MjA1\n"}}, {"pk": "2bc8b35eff75bbfe160cf472aed6209f", "model": "sessions.session", "fields": {"expire_date": "2010-12-20 10:42:52", "session_data": "gAJ9cQEoVRJfYXV0aF91c2VyX2JhY2tlbmRxAlUpZGphbmdvLmNvbnRyaWIuYXV0aC5iYWNrZW5k\ncy5Nb2RlbEJhY2tlbmRxA1UNX2F1dGhfdXNlcl9pZHEESwN1LjdkNjRhNWY1YTBiMDBlM2Q4NGQ1\nOTNiYmViOTU5MjA1\n"}}, {"pk": "e03b89a2ff715fb1ac76e7787d95b721", "model": "sessions.session", "fields": {"expire_date": "2010-12-13 13:17:14", "session_data": "gAJ9cQEoVRJfYXV0aF91c2VyX2JhY2tlbmRxAlUpZGphbmdvLmNvbnRyaWIuYXV0aC5iYWNrZW5k\ncy5Nb2RlbEJhY2tlbmRxA1UNX2F1dGhfdXNlcl9pZHEESwN1LjdkNjRhNWY1YTBiMDBlM2Q4NGQ1\nOTNiYmViOTU5MjA1\n"}}, {"pk": "0c37d13120e27a0a8226a44ca51ba1e4", "model": "sessions.session", "fields": {"expire_date": "2010-12-28 11:09:53", "session_data": "gAJ9cQFVCnRlc3Rjb29raWVxAlUGd29ya2VkcQNzLjc0ZjYwMWVhMWQ0MjdjMTM3MGFmMzFiOTRi\nNDgzZTE5\n"}}, {"pk": "dd38111ef9895c4648674d8a006b30f6", "model": "sessions.session", "fields": {"expire_date": "2011-01-13 19:39:51", "session_data": "gAJ9cQEoVRJfYXV0aF91c2VyX2JhY2tlbmRxAlUpZGphbmdvLmNvbnRyaWIuYXV0aC5iYWNrZW5k\ncy5Nb2RlbEJhY2tlbmRxA1UNX2F1dGhfdXNlcl9pZHEESwF1LjQwYzA5MzM5NDY4YTE1YzQ2Zjk0\nMTRiNTJkZWQzNDVj\n"}}, {"pk": "c391bd5b1dba7ca803b47325ea149ffd", "model": "sessions.session", "fields": {"expire_date": "2011-02-07 18:30:01", "session_data": "gAJ9cQEoVRJfYXV0aF91c2VyX2JhY2tlbmRxAlUpZGphbmdvLmNvbnRyaWIuYXV0aC5iYWNrZW5k\ncy5Nb2RlbEJhY2tlbmRxA1UNX2F1dGhfdXNlcl9pZHEESwJ1LjRhY2NkMWFmMTU4MTUzYjM1NzQ4\nYjllMmJiOGMxYjJl\n"}}, {"pk": "ad3b6624d0c808219b15ab562253c7ab", "model": "sessions.session", "fields": {"expire_date": "2011-02-08 15:54:05", "session_data": "gAJ9cQEoVRJfYXV0aF91c2VyX2JhY2tlbmRxAlUpZGphbmdvLmNvbnRyaWIuYXV0aC5iYWNrZW5k\ncy5Nb2RlbEJhY2tlbmRxA1UNX2F1dGhfdXNlcl9pZHEESwF1LjQwYzA5MzM5NDY4YTE1YzQ2Zjk0\nMTRiNTJkZWQzNDVj\n"}}, {"pk": "5a14f99817716318a954b68abf26857c", "model": "sessions.session", "fields": {"expire_date": "2011-02-08 11:49:02", "session_data": "gAJ9cQEoVRJfYXV0aF91c2VyX2JhY2tlbmRxAlUpZGphbmdvLmNvbnRyaWIuYXV0aC5iYWNrZW5k\ncy5Nb2RlbEJhY2tlbmRxA1UNX2F1dGhfdXNlcl9pZHEESwJ1LjRhY2NkMWFmMTU4MTUzYjM1NzQ4\nYjllMmJiOGMxYjJl\n"}}, {"pk": "960da62d6cde9210ec4e770ab6a88d84", "model": "sessions.session", "fields": {"expire_date": "2011-03-23 16:24:28", "session_data": "gAJ9cQEoVRJfYXV0aF91c2VyX2JhY2tlbmRxAlUpZGphbmdvLmNvbnRyaWIuYXV0aC5iYWNrZW5k\ncy5Nb2RlbEJhY2tlbmRxA1UNX2F1dGhfdXNlcl9pZHEESwJ1LjRhY2NkMWFmMTU4MTUzYjM1NzQ4\nYjllMmJiOGMxYjJl\n"}}, {"pk": "3f5788af30ef9773071d5af64ed286a0", "model": "sessions.session", "fields": {"expire_date": "2011-04-06 21:12:25", "session_data": "gAJ9cQEoVRJfYXV0aF91c2VyX2JhY2tlbmRxAlUpZGphbmdvLmNvbnRyaWIuYXV0aC5iYWNrZW5k\ncy5Nb2RlbEJhY2tlbmRxA1UNX2F1dGhfdXNlcl9pZHEESwJ1LjRhY2NkMWFmMTU4MTUzYjM1NzQ4\nYjllMmJiOGMxYjJl\n"}}, {"pk": "877c4533570a639dbcef184bb274c26a", "model": "sessions.session", "fields": {"expire_date": "2011-04-27 17:19:38", "session_data": "gAJ9cQEoVRJfYXV0aF91c2VyX2JhY2tlbmRxAlUpZGphbmdvLmNvbnRyaWIuYXV0aC5iYWNrZW5k\ncy5Nb2RlbEJhY2tlbmRxA1UNX2F1dGhfdXNlcl9pZHEESwJ1LjRhY2NkMWFmMTU4MTUzYjM1NzQ4\nYjllMmJiOGMxYjJl\n"}}, {"pk": "f4e2092dddffe5a241e94b0c8d9cbeb3", "model": "sessions.session", "fields": {"expire_date": "2011-05-10 10:49:12", "session_data": "gAJ9cQEoVRJfYXV0aF91c2VyX2JhY2tlbmRxAlUpZGphbmdvLmNvbnRyaWIuYXV0aC5iYWNrZW5k\ncy5Nb2RlbEJhY2tlbmRxA1UNX2F1dGhfdXNlcl9pZHEESwJ1LjRhY2NkMWFmMTU4MTUzYjM1NzQ4\nYjllMmJiOGMxYjJl\n"}}, {"pk": "8dd3fc177963c23c6c149a397b603485", "model": "sessions.session", "fields": {"expire_date": "2011-05-14 12:39:48", "session_data": "gAJ9cQEoVRJfYXV0aF91c2VyX2JhY2tlbmRxAlUpZGphbmdvLmNvbnRyaWIuYXV0aC5iYWNrZW5k\ncy5Nb2RlbEJhY2tlbmRxA1UNX2F1dGhfdXNlcl9pZHEESwF1LjQwYzA5MzM5NDY4YTE1YzQ2Zjk0\nMTRiNTJkZWQzNDVj\n"}}, {"pk": "a66390e0540ceb50cb25a22bab74eb50", "model": "sessions.session", "fields": {"expire_date": "2011-06-17 12:57:03", "session_data": "MWY5YjA3YThiYmRlMTUyZTFiNzcxNzNjMjE5NzA1YTA1OWI5ZDdhYTqAAn1xAShVEl9hdXRoX3Vz\nZXJfYmFja2VuZHECVSlkamFuZ28uY29udHJpYi5hdXRoLmJhY2tlbmRzLk1vZGVsQmFja2VuZHED\nVQ1fYXV0aF91c2VyX2lkcQRLAnUu\n"}}, {"pk": "f1006b8095f72dbead67ab00ea5aec0f", "model": "sessions.session", "fields": {"expire_date": "2011-07-01 18:40:38", "session_data": "MWY5YjA3YThiYmRlMTUyZTFiNzcxNzNjMjE5NzA1YTA1OWI5ZDdhYTqAAn1xAShVEl9hdXRoX3Vz\nZXJfYmFja2VuZHECVSlkamFuZ28uY29udHJpYi5hdXRoLmJhY2tlbmRzLk1vZGVsQmFja2VuZHED\nVQ1fYXV0aF91c2VyX2lkcQRLAnUu\n"}}, {"pk": "144a630eebaa1146e35be475fedcab66", "model": "sessions.session", "fields": {"expire_date": "2011-07-08 00:30:38", "session_data": "NmJjZDYwMTc2ZGUxM2Y0NTdkOGQwYjYwOGVkZjc2OTY3ZTQzZGVlYjqAAn1xAShVEl9hdXRoX3Vz\nZXJfYmFja2VuZHECVSlkamFuZ28uY29udHJpYi5hdXRoLmJhY2tlbmRzLk1vZGVsQmFja2VuZHED\nVQ1fYXV0aF91c2VyX2lkcQRLAXUu\n"}}, {"pk": "fc937f8d3d40b680bed9888c31fc5362", "model": "sessions.session", "fields": {"expire_date": "2011-05-24 11:18:41", "session_data": "MWY5YjA3YThiYmRlMTUyZTFiNzcxNzNjMjE5NzA1YTA1OWI5ZDdhYTqAAn1xAShVEl9hdXRoX3Vz\nZXJfYmFja2VuZHECVSlkamFuZ28uY29udHJpYi5hdXRoLmJhY2tlbmRzLk1vZGVsQmFja2VuZHED\nVQ1fYXV0aF91c2VyX2lkcQRLAnUu\n"}}, {"pk": "b2d64624c97f655a609048a8b0690305", "model": "sessions.session", "fields": {"expire_date": "2011-05-26 18:21:31", "session_data": "NmJjZDYwMTc2ZGUxM2Y0NTdkOGQwYjYwOGVkZjc2OTY3ZTQzZGVlYjqAAn1xAShVEl9hdXRoX3Vz\nZXJfYmFja2VuZHECVSlkamFuZ28uY29udHJpYi5hdXRoLmJhY2tlbmRzLk1vZGVsQmFja2VuZHED\nVQ1fYXV0aF91c2VyX2lkcQRLAXUu\n"}}, {"pk": "65db757dfd15084a9eb818fa11e25e60", "model": "sessions.session", "fields": {"expire_date": "2011-05-26 18:24:02", "session_data": "ZjliOWE5MjY3Yzc4YzJjZTUzNzc0ZGFiYmM2MzA1MmMzYjBmMDY0YzqAAn1xAVUKdGVzdGNvb2tp\nZXECVQZ3b3JrZWRxA3Mu\n"}}, {"pk": "7ef16573b2dbb0b51a8ddb05c6878443", "model": "sessions.session", "fields": {"expire_date": "2011-05-26 18:24:02", "session_data": "ZjliOWE5MjY3Yzc4YzJjZTUzNzc0ZGFiYmM2MzA1MmMzYjBmMDY0YzqAAn1xAVUKdGVzdGNvb2tp\nZXECVQZ3b3JrZWRxA3Mu\n"}}, {"pk": "7a8eb88be2b1e9446f64c390a88f2c08", "model": "sessions.session", "fields": {"expire_date": "2011-05-26 18:24:03", "session_data": "ZjliOWE5MjY3Yzc4YzJjZTUzNzc0ZGFiYmM2MzA1MmMzYjBmMDY0YzqAAn1xAVUKdGVzdGNvb2tp\nZXECVQZ3b3JrZWRxA3Mu\n"}}, {"pk": "30be037726463b3a29720af8d2293035", "model": "sessions.session", "fields": {"expire_date": "2011-05-26 18:24:03", "session_data": "ZjliOWE5MjY3Yzc4YzJjZTUzNzc0ZGFiYmM2MzA1MmMzYjBmMDY0YzqAAn1xAVUKdGVzdGNvb2tp\nZXECVQZ3b3JrZWRxA3Mu\n"}}, {"pk": "f0002b30a669cc23c2098ba9965f582b", "model": "sessions.session", "fields": {"expire_date": "2011-05-27 13:42:43", "session_data": "MWY5YjA3YThiYmRlMTUyZTFiNzcxNzNjMjE5NzA1YTA1OWI5ZDdhYTqAAn1xAShVEl9hdXRoX3Vz\nZXJfYmFja2VuZHECVSlkamFuZ28uY29udHJpYi5hdXRoLmJhY2tlbmRzLk1vZGVsQmFja2VuZHED\nVQ1fYXV0aF91c2VyX2lkcQRLAnUu\n"}}, {"pk": 1, "model": "sites.site", "fields": {"domain": "andrewramos.com", "name": "AndrewRamos.com"}}, {"pk": 275, "model": "admin.logentry", "fields": {"action_flag": 2, "action_time": "2011-06-21 16:57:11", "object_repr": "Introducing Wren for Mac", "object_id": "23", "change_message": "No fields changed.", "user": 2, "content_type": 16}}, {"pk": 274, "model": "admin.logentry", "fields": {"action_flag": 2, "action_time": "2011-06-21 16:52:00", "object_repr": "Introducing Wren for Mac", "object_id": "23", "change_message": "Changed image for image \"Image 27\".", "user": 2, "content_type": 16}}, {"pk": 273, "model": "admin.logentry", "fields": {"action_flag": 2, "action_time": "2011-06-21 16:47:17", "object_repr": "Introducing Wren for Mac", "object_id": "23", "change_message": "Changed date_published.", "user": 2, "content_type": 16}}, {"pk": 272, "model": "admin.logentry", "fields": {"action_flag": 2, "action_time": "2011-06-21 16:46:18", "object_repr": "Introducing Wren for Mac", "object_id": "23", "change_message": "Changed is_featured and status.", "user": 2, "content_type": 16}}, {"pk": 271, "model": "admin.logentry", "fields": {"action_flag": 2, "action_time": "2011-06-21 16:45:32", "object_repr": "Introducing Wren for Mac", "object_id": "23", "change_message": "Changed content_markdown.", "user": 2, "content_type": 16}}, {"pk": 270, "model": "admin.logentry", "fields": {"action_flag": 2, "action_time": "2011-06-21 16:30:23", "object_repr": "Introducing Wren for Mac", "object_id": "23", "change_message": "Changed content_markdown.", "user": 2, "content_type": 16}}, {"pk": 269, "model": "admin.logentry", "fields": {"action_flag": 2, "action_time": "2011-06-21 16:25:35", "object_repr": "Introducing Wren for Mac", "object_id": "23", "change_message": "Changed title and subtitle.", "user": 2, "content_type": 16}}, {"pk": 268, "model": "admin.logentry", "fields": {"action_flag": 2, "action_time": "2011-06-21 16:20:44", "object_repr": "Introducing Wren", "object_id": "23", "change_message": "Changed content_markdown. Changed image for image \"Image 27\".", "user": 2, "content_type": 16}}, {"pk": 267, "model": "admin.logentry", "fields": {"action_flag": 2, "action_time": "2011-06-21 16:19:05", "object_repr": "Introducing Wren", "object_id": "23", "change_message": "Changed content_markdown.", "user": 2, "content_type": 16}}, {"pk": 266, "model": "admin.logentry", "fields": {"action_flag": 2, "action_time": "2011-06-21 09:45:14", "object_repr": "Introducing Wren", "object_id": "23", "change_message": "Changed content_markdown. Changed image for image \"Image 27\".", "user": 2, "content_type": 16}}, {"pk": 265, "model": "admin.logentry", "fields": {"action_flag": 2, "action_time": "2011-06-14 12:22:02", "object_repr": "The Art of Living", "object_id": "4", "change_message": "Changed is_featured.", "user": 2, "content_type": 19}}, {"pk": 264, "model": "admin.logentry", "fields": {"action_flag": 2, "action_time": "2011-06-14 12:21:41", "object_repr": "Panel Discussion", "object_id": "18", "change_message": "Changed is_featured.", "user": 2, "content_type": 16}}, {"pk": 263, "model": "admin.logentry", "fields": {"action_flag": 2, "action_time": "2011-06-14 12:21:12", "object_repr": "All Things Must End", "object_id": "24", "change_message": "Changed is_featured and status.", "user": 2, "content_type": 16}}, {"pk": 262, "model": "admin.logentry", "fields": {"action_flag": 2, "action_time": "2011-06-14 12:20:20", "object_repr": "All Things Must End", "object_id": "24", "change_message": "Changed content_markdown.", "user": 2, "content_type": 16}}, {"pk": 261, "model": "admin.logentry", "fields": {"action_flag": 2, "action_time": "2011-06-14 12:18:14", "object_repr": "All Things Must End", "object_id": "24", "change_message": "Changed content_markdown.", "user": 2, "content_type": 16}}, {"pk": 260, "model": "admin.logentry", "fields": {"action_flag": 2, "action_time": "2011-06-14 12:17:19", "object_repr": "All Things Must End", "object_id": "24", "change_message": "Changed content_markdown.", "user": 2, "content_type": 16}}, {"pk": 259, "model": "admin.logentry", "fields": {"action_flag": 2, "action_time": "2011-06-14 12:06:11", "object_repr": "All Things Must End", "object_id": "24", "change_message": "Changed content_markdown.", "user": 2, "content_type": 16}}, {"pk": 258, "model": "admin.logentry", "fields": {"action_flag": 2, "action_time": "2011-06-14 11:59:42", "object_repr": "All Things Must End", "object_id": "24", "change_message": "Changed content_markdown.", "user": 2, "content_type": 16}}, {"pk": 257, "model": "admin.logentry", "fields": {"action_flag": 2, "action_time": "2011-06-14 11:58:17", "object_repr": "All Things Must End", "object_id": "24", "change_message": "Changed content_markdown.", "user": 2, "content_type": 16}}, {"pk": 256, "model": "admin.logentry", "fields": {"action_flag": 2, "action_time": "2011-06-14 11:57:27", "object_repr": "All Things Must End", "object_id": "24", "change_message": "Changed content_markdown.", "user": 2, "content_type": 16}}, {"pk": 255, "model": "admin.logentry", "fields": {"action_flag": 2, "action_time": "2011-06-14 11:40:23", "object_repr": "All Things Must End", "object_id": "24", "change_message": "Changed content_markdown.", "user": 2, "content_type": 16}}, {"pk": 254, "model": "admin.logentry", "fields": {"action_flag": 2, "action_time": "2011-06-14 10:55:53", "object_repr": "All Things Must End", "object_id": "24", "change_message": "Changed image for image \"Image 28\".", "user": 2, "content_type": 16}}, {"pk": 253, "model": "admin.logentry", "fields": {"action_flag": 2, "action_time": "2011-06-14 10:54:48", "object_repr": "All Things Must End", "object_id": "24", "change_message": "Changed image for image \"Image 28\".", "user": 2, "content_type": 16}}, {"pk": 252, "model": "admin.logentry", "fields": {"action_flag": 2, "action_time": "2011-06-14 10:51:11", "object_repr": "All Things Must End", "object_id": "24", "change_message": "Changed image for image \"Image 28\".", "user": 2, "content_type": 16}}, {"pk": 251, "model": "admin.logentry", "fields": {"action_flag": 2, "action_time": "2011-06-10 16:37:51", "object_repr": "All Things Must End", "object_id": "24", "change_message": "No fields changed.", "user": 2, "content_type": 16}}, {"pk": 250, "model": "admin.logentry", "fields": {"action_flag": 2, "action_time": "2011-06-10 16:37:34", "object_repr": "All Things Must End", "object_id": "24", "change_message": "Changed title, slug and display_title.", "user": 2, "content_type": 16}}, {"pk": 249, "model": "admin.logentry", "fields": {"action_flag": 1, "action_time": "2011-06-10 16:36:45", "object_repr": "Goodbye Old Friend", "object_id": "24", "change_message": "", "user": 2, "content_type": 16}}, {"pk": 248, "model": "admin.logentry", "fields": {"action_flag": 3, "action_time": "2011-06-10 16:23:38", "object_repr": "New Illustrations", "object_id": "17", "change_message": "", "user": 2, "content_type": 16}}, {"pk": 247, "model": "admin.logentry", "fields": {"action_flag": 2, "action_time": "2011-06-10 14:31:19", "object_repr": "Introducing Wren", "object_id": "23", "change_message": "Changed content_markdown.", "user": 2, "content_type": 16}}, {"pk": 246, "model": "admin.logentry", "fields": {"action_flag": 2, "action_time": "2011-06-10 14:30:38", "object_repr": "Introducing Wren", "object_id": "23", "change_message": "Changed content_markdown.", "user": 2, "content_type": 16}}, {"pk": 245, "model": "admin.logentry", "fields": {"action_flag": 1, "action_time": "2011-06-10 14:23:42", "object_repr": "Introducing Wren", "object_id": "23", "change_message": "", "user": 2, "content_type": 16}}, {"pk": 244, "model": "admin.logentry", "fields": {"action_flag": 2, "action_time": "2011-06-10 09:08:53", "object_repr": "Texting & Driving", "object_id": "5", "change_message": "Changed status.", "user": 2, "content_type": 19}}, {"pk": 243, "model": "admin.logentry", "fields": {"action_flag": 2, "action_time": "2011-06-10 09:08:35", "object_repr": "Texting & Driving", "object_id": "5", "change_message": "Changed author.", "user": 2, "content_type": 19}}, {"pk": 242, "model": "admin.logentry", "fields": {"action_flag": 2, "action_time": "2011-06-10 09:05:56", "object_repr": "Texting & Driving", "object_id": "5", "change_message": "Changed author.", "user": 2, "content_type": 19}}, {"pk": 241, "model": "admin.logentry", "fields": {"action_flag": 1, "action_time": "2011-06-10 09:04:57", "object_repr": "Texting & Driving", "object_id": "5", "change_message": "", "user": 2, "content_type": 19}}, {"pk": 240, "model": "admin.logentry", "fields": {"action_flag": 2, "action_time": "2011-06-03 13:13:36", "object_repr": "Fear", "object_id": "12", "change_message": "Changed content_markdown and status.", "user": 2, "content_type": 18}}, {"pk": 239, "model": "admin.logentry", "fields": {"action_flag": 2, "action_time": "2011-06-03 13:09:34", "object_repr": "Fear", "object_id": "12", "change_message": "Changed title and content_markdown.", "user": 2, "content_type": 18}}, {"pk": 238, "model": "admin.logentry", "fields": {"action_flag": 2, "action_time": "2011-06-03 13:08:48", "object_repr": "Every Once in a while I can hear a distant motorbike's high-pitched groaning as it tears down a neighboring street", "object_id": "12", "change_message": "Changed title and content_markdown.", "user": 2, "content_type": 18}}, {"pk": 237, "model": "admin.logentry", "fields": {"action_flag": 2, "action_time": "2011-06-03 13:08:11", "object_repr": "Every Once in a while", "object_id": "12", "change_message": "Changed content_markdown.", "user": 2, "content_type": 18}}, {"pk": 236, "model": "admin.logentry", "fields": {"action_flag": 2, "action_time": "2011-06-03 13:07:57", "object_repr": "Every Once in a while", "object_id": "12", "change_message": "Changed content_markdown.", "user": 2, "content_type": 18}}, {"pk": 235, "model": "admin.logentry", "fields": {"action_flag": 2, "action_time": "2011-06-03 13:07:46", "object_repr": "Every Once in a while", "object_id": "12", "change_message": "Changed title and content_markdown.", "user": 2, "content_type": 18}}, {"pk": 234, "model": "admin.logentry", "fields": {"action_flag": 2, "action_time": "2011-06-03 13:06:57", "object_repr": "Every Once in a while,", "object_id": "12", "change_message": "Changed title.", "user": 2, "content_type": 18}}, {"pk": 233, "model": "admin.logentry", "fields": {"action_flag": 1, "action_time": "2011-06-03 13:06:08", "object_repr": "Every Once in a while", "object_id": "12", "change_message": "", "user": 2, "content_type": 18}}, {"pk": 232, "model": "admin.logentry", "fields": {"action_flag": 2, "action_time": "2011-05-22 15:00:53", "object_repr": "The Art of Living", "object_id": "4", "change_message": "Changed content_markdown.", "user": 2, "content_type": 19}}, {"pk": 231, "model": "admin.logentry", "fields": {"action_flag": 2, "action_time": "2011-05-22 14:59:20", "object_repr": "The Art of Living", "object_id": "4", "change_message": "Changed is_featured and status.", "user": 2, "content_type": 19}}, {"pk": 230, "model": "admin.logentry", "fields": {"action_flag": 2, "action_time": "2011-05-22 14:58:46", "object_repr": "The Art of Living", "object_id": "4", "change_message": "Changed author.", "user": 2, "content_type": 19}}, {"pk": 229, "model": "admin.logentry", "fields": {"action_flag": 2, "action_time": "2011-05-22 14:58:17", "object_repr": "The Art of Living", "object_id": "4", "change_message": "Changed author.", "user": 2, "content_type": 19}}, {"pk": 228, "model": "admin.logentry", "fields": {"action_flag": 2, "action_time": "2011-05-22 14:58:02", "object_repr": "The Art of Living", "object_id": "4", "change_message": "Changed author.", "user": 2, "content_type": 19}}, {"pk": 227, "model": "admin.logentry", "fields": {"action_flag": 2, "action_time": "2011-05-22 14:57:32", "object_repr": "The Art of Living", "object_id": "4", "change_message": "Changed content_markdown.", "user": 2, "content_type": 19}}, {"pk": 226, "model": "admin.logentry", "fields": {"action_flag": 1, "action_time": "2011-05-22 14:56:40", "object_repr": "The Art of Living", "object_id": "4", "change_message": "", "user": 2, "content_type": 19}}, {"pk": 225, "model": "admin.logentry", "fields": {"action_flag": 3, "action_time": "2011-05-14 13:58:54", "object_repr": "Outsourcing Surprise & Delight", "object_id": "2", "change_message": "", "user": 2, "content_type": 18}}, {"pk": 224, "model": "admin.logentry", "fields": {"action_flag": 2, "action_time": "2011-05-14 13:46:07", "object_repr": "What's making me laugh this week", "object_id": "11", "change_message": "Changed status.", "user": 2, "content_type": 18}}, {"pk": 223, "model": "admin.logentry", "fields": {"action_flag": 1, "action_time": "2011-05-14 13:45:23", "object_repr": "What's making me laugh this week", "object_id": "11", "change_message": "", "user": 2, "content_type": 18}}, {"pk": 222, "model": "admin.logentry", "fields": {"action_flag": 2, "action_time": "2011-04-30 11:36:26", "object_repr": "Fortnight", "object_id": "3", "change_message": "Changed status.", "user": 2, "content_type": 19}}, {"pk": 221, "model": "admin.logentry", "fields": {"action_flag": 1, "action_time": "2011-04-30 11:35:55", "object_repr": "Fortnight", "object_id": "3", "change_message": "", "user": 2, "content_type": 19}}, {"pk": 220, "model": "admin.logentry", "fields": {"action_flag": 2, "action_time": "2011-04-30 11:27:21", "object_repr": "Vintage Denim Neckties", "object_id": "21", "change_message": "Changed status.", "user": 2, "content_type": 16}}, {"pk": 219, "model": "admin.logentry", "fields": {"action_flag": 1, "action_time": "2011-04-30 11:25:26", "object_repr": "Vintage Denim Neckties", "object_id": "21", "change_message": "", "user": 2, "content_type": 16}}, {"pk": 218, "model": "admin.logentry", "fields": {"action_flag": 3, "action_time": "2011-04-30 11:13:21", "object_repr": "This Week in Things I Need: ", "object_id": "20", "change_message": "", "user": 2, "content_type": 16}}, {"pk": 217, "model": "admin.logentry", "fields": {"action_flag": 2, "action_time": "2011-04-30 11:04:33", "object_repr": "This Week in Things I Need: ", "object_id": "20", "change_message": "Changed subtitle.", "user": 2, "content_type": 16}}, {"pk": 216, "model": "admin.logentry", "fields": {"action_flag": 2, "action_time": "2011-04-30 11:03:20", "object_repr": "This Week in Things I Need: ", "object_id": "20", "change_message": "Changed image for image \"Image 25\".", "user": 2, "content_type": 16}}, {"pk": 215, "model": "admin.logentry", "fields": {"action_flag": 1, "action_time": "2011-04-30 10:59:00", "object_repr": "This Week in Things I Need: ", "object_id": "20", "change_message": "", "user": 2, "content_type": 16}}, {"pk": 214, "model": "admin.logentry", "fields": {"action_flag": 2, "action_time": "2011-04-26 11:00:14", "object_repr": "Today I wish I had a bicycle", "object_id": "3", "change_message": "Changed status.", "user": 2, "content_type": 18}}, {"pk": 213, "model": "admin.logentry", "fields": {"action_flag": 1, "action_time": "2011-04-26 10:58:35", "object_repr": "Today I wish I had a bicycle", "object_id": "3", "change_message": "", "user": 2, "content_type": 18}}, {"pk": 212, "model": "admin.logentry", "fields": {"action_flag": 3, "action_time": "2011-04-14 10:14:44", "object_repr": "Front page image", "object_id": "9", "change_message": "", "user": 2, "content_type": 26}}, {"pk": 211, "model": "admin.logentry", "fields": {"action_flag": 3, "action_time": "2011-04-14 10:14:44", "object_repr": "Front page image", "object_id": "11", "change_message": "", "user": 2, "content_type": 26}}, {"pk": 210, "model": "admin.logentry", "fields": {"action_flag": 2, "action_time": "2011-04-13 17:23:55", "object_repr": "Front page image", "object_id": "11", "change_message": "Changed enabled.", "user": 2, "content_type": 26}}, {"pk": 209, "model": "admin.logentry", "fields": {"action_flag": 1, "action_time": "2011-04-13 17:23:33", "object_repr": "Front page image", "object_id": "12", "change_message": "", "user": 2, "content_type": 26}}, {"pk": 208, "model": "admin.logentry", "fields": {"action_flag": 1, "action_time": "2011-04-13 17:21:24", "object_repr": "Front page image", "object_id": "11", "change_message": "", "user": 2, "content_type": 26}}, {"pk": 207, "model": "admin.logentry", "fields": {"action_flag": 2, "action_time": "2011-03-30 10:38:04", "object_repr": "Christmas Traditions", "object_id": "16", "change_message": "Changed is_featured.", "user": 2, "content_type": 16}}, {"pk": 206, "model": "admin.logentry", "fields": {"action_flag": 2, "action_time": "2011-03-30 10:38:04", "object_repr": "Designspiration", "object_id": "19", "change_message": "Changed is_featured.", "user": 2, "content_type": 16}}, {"pk": 205, "model": "admin.logentry", "fields": {"action_flag": 2, "action_time": "2011-03-30 10:37:50", "object_repr": "Designspiration", "object_id": "19", "change_message": "Changed status.", "user": 2, "content_type": 16}}, {"pk": 204, "model": "admin.logentry", "fields": {"action_flag": 2, "action_time": "2011-03-30 10:32:17", "object_repr": "Designspiration", "object_id": "19", "change_message": "Changed content_markdown.", "user": 2, "content_type": 16}}, {"pk": 203, "model": "admin.logentry", "fields": {"action_flag": 2, "action_time": "2011-03-30 10:29:31", "object_repr": "Designspiration", "object_id": "19", "change_message": "Changed content_markdown.", "user": 2, "content_type": 16}}, {"pk": 202, "model": "admin.logentry", "fields": {"action_flag": 2, "action_time": "2011-03-30 10:27:48", "object_repr": "Designspiration", "object_id": "19", "change_message": "Changed display_title.", "user": 2, "content_type": 16}}, {"pk": 201, "model": "admin.logentry", "fields": {"action_flag": 1, "action_time": "2011-03-30 10:27:08", "object_repr": "Designspiration", "object_id": "19", "change_message": "", "user": 2, "content_type": 16}}, {"pk": 200, "model": "admin.logentry", "fields": {"action_flag": 1, "action_time": "2011-03-23 21:16:49", "object_repr": "Front page image", "object_id": "10", "change_message": "", "user": 2, "content_type": 26}}, {"pk": 199, "model": "admin.logentry", "fields": {"action_flag": 2, "action_time": "2011-03-23 21:15:53", "object_repr": "Front page image", "object_id": "6", "change_message": "Changed enabled.", "user": 2, "content_type": 26}}, {"pk": 198, "model": "admin.logentry", "fields": {"action_flag": 2, "action_time": "2011-03-23 21:15:53", "object_repr": "Front page image", "object_id": "9", "change_message": "Changed enabled.", "user": 2, "content_type": 26}}, {"pk": 197, "model": "admin.logentry", "fields": {"action_flag": 2, "action_time": "2011-03-23 21:15:32", "object_repr": "Front page image", "object_id": "9", "change_message": "Changed image and enabled.", "user": 2, "content_type": 26}}, {"pk": 196, "model": "admin.logentry", "fields": {"action_flag": 2, "action_time": "2011-03-23 21:14:48", "object_repr": "Front page image", "object_id": "9", "change_message": "Changed enabled.", "user": 2, "content_type": 26}}, {"pk": 195, "model": "admin.logentry", "fields": {"action_flag": 2, "action_time": "2011-03-23 21:14:32", "object_repr": "Front page image", "object_id": "6", "change_message": "Changed enabled.", "user": 2, "content_type": 26}}, {"pk": 194, "model": "admin.logentry", "fields": {"action_flag": 2, "action_time": "2011-03-23 21:13:11", "object_repr": "Front page image", "object_id": "6", "change_message": "Changed enabled.", "user": 2, "content_type": 26}}, {"pk": 193, "model": "admin.logentry", "fields": {"action_flag": 1, "action_time": "2011-03-23 21:12:49", "object_repr": "Front page image", "object_id": "9", "change_message": "", "user": 2, "content_type": 26}}, {"pk": 192, "model": "admin.logentry", "fields": {"action_flag": 1, "action_time": "2011-02-07 17:23:00", "object_repr": "demouser", "object_id": "4", "change_message": "", "user": 1, "content_type": 3}}, {"pk": 191, "model": "admin.logentry", "fields": {"action_flag": 2, "action_time": "2011-02-04 16:52:12", "object_repr": "Parachute Clothing", "object_id": "5", "change_message": "Changed description.", "user": 2, "content_type": 20}}, {"pk": 190, "model": "admin.logentry", "fields": {"action_flag": 2, "action_time": "2011-02-04 16:46:09", "object_repr": "Parachute Clothing", "object_id": "5", "change_message": "No fields changed.", "user": 2, "content_type": 20}}, {"pk": 189, "model": "admin.logentry", "fields": {"action_flag": 2, "action_time": "2011-02-04 16:46:08", "object_repr": "Parachute Clothing", "object_id": "5", "change_message": "Changed order for portfolio piece \"Image 17\". Changed order for portfolio piece \"Image 18\".", "user": 2, "content_type": 20}}, {"pk": 188, "model": "admin.logentry", "fields": {"action_flag": 2, "action_time": "2011-02-04 16:45:19", "object_repr": "Parachute Clothing", "object_id": "5", "change_message": "Changed status.", "user": 2, "content_type": 20}}, {"pk": 187, "model": "admin.logentry", "fields": {"action_flag": 1, "action_time": "2011-02-04 16:44:48", "object_repr": "Parachute Clothing", "object_id": "5", "change_message": "", "user": 2, "content_type": 20}}, {"pk": 186, "model": "admin.logentry", "fields": {"action_flag": 1, "action_time": "2011-02-04 14:05:48", "object_repr": "Parachute Clothing", "object_id": "5", "change_message": "", "user": 2, "content_type": 23}}, {"pk": 185, "model": "admin.logentry", "fields": {"action_flag": 2, "action_time": "2011-01-28 09:37:21", "object_repr": "Panel Discussion", "object_id": "18", "change_message": "Changed content_markdown.", "user": 2, "content_type": 16}}, {"pk": 184, "model": "admin.logentry", "fields": {"action_flag": 2, "action_time": "2011-01-28 09:36:36", "object_repr": "Panel Discussion", "object_id": "18", "change_message": "Changed content_markdown and status.", "user": 2, "content_type": 16}}, {"pk": 183, "model": "admin.logentry", "fields": {"action_flag": 2, "action_time": "2011-01-28 09:16:05", "object_repr": "Panel Discussion", "object_id": "18", "change_message": "Changed content_markdown.", "user": 2, "content_type": 16}}, {"pk": 182, "model": "admin.logentry", "fields": {"action_flag": 2, "action_time": "2011-01-28 09:14:19", "object_repr": "Panel Discussion", "object_id": "18", "change_message": "Changed content_markdown.", "user": 2, "content_type": 16}}, {"pk": 181, "model": "admin.logentry", "fields": {"action_flag": 2, "action_time": "2011-01-28 09:13:34", "object_repr": "Panel Discussion", "object_id": "18", "change_message": "Changed content_markdown.", "user": 2, "content_type": 16}}, {"pk": 180, "model": "admin.logentry", "fields": {"action_flag": 2, "action_time": "2011-01-28 09:12:17", "object_repr": "Panel Discussion", "object_id": "18", "change_message": "Changed image for image \"Image 23\".", "user": 2, "content_type": 16}}, {"pk": 179, "model": "admin.logentry", "fields": {"action_flag": 2, "action_time": "2011-01-27 17:40:01", "object_repr": "Panel Discussion", "object_id": "18", "change_message": "Changed content_markdown.", "user": 2, "content_type": 16}}, {"pk": 178, "model": "admin.logentry", "fields": {"action_flag": 2, "action_time": "2011-01-27 17:26:40", "object_repr": "Panel Discussion", "object_id": "18", "change_message": "Changed image for image \"Image 23\".", "user": 2, "content_type": 16}}, {"pk": 177, "model": "admin.logentry", "fields": {"action_flag": 2, "action_time": "2011-01-27 17:24:15", "object_repr": "Panel Discussion", "object_id": "18", "change_message": "Changed image for image \"Image 23\".", "user": 2, "content_type": 16}}, {"pk": 176, "model": "admin.logentry", "fields": {"action_flag": 2, "action_time": "2011-01-27 17:19:55", "object_repr": "Panel Discussion", "object_id": "18", "change_message": "Changed content_markdown.", "user": 2, "content_type": 16}}, {"pk": 175, "model": "admin.logentry", "fields": {"action_flag": 2, "action_time": "2011-01-27 17:18:32", "object_repr": "Panel Discussion", "object_id": "18", "change_message": "Changed image for image \"Image 23\".", "user": 2, "content_type": 16}}, {"pk": 174, "model": "admin.logentry", "fields": {"action_flag": 2, "action_time": "2011-01-27 17:07:53", "object_repr": "Panel Discussion", "object_id": "18", "change_message": "Changed image for image \"Image 23\".", "user": 2, "content_type": 16}}, {"pk": 173, "model": "admin.logentry", "fields": {"action_flag": 2, "action_time": "2011-01-27 17:01:24", "object_repr": "Panel Discussion", "object_id": "18", "change_message": "Changed image for image \"Image 23\".", "user": 2, "content_type": 16}}, {"pk": 172, "model": "admin.logentry", "fields": {"action_flag": 2, "action_time": "2011-01-27 16:56:01", "object_repr": "Panel Discussion", "object_id": "18", "change_message": "Changed image_width.", "user": 2, "content_type": 16}}, {"pk": 171, "model": "admin.logentry", "fields": {"action_flag": 1, "action_time": "2011-01-27 16:55:33", "object_repr": "Panel Discussion", "object_id": "18", "change_message": "", "user": 2, "content_type": 16}}, {"pk": 170, "model": "admin.logentry", "fields": {"action_flag": 2, "action_time": "2011-01-25 16:18:43", "object_repr": "Southern Savers", "object_id": "4", "change_message": "Changed image for portfolio piece \"Image 15\".", "user": 2, "content_type": 20}}, {"pk": 169, "model": "admin.logentry", "fields": {"action_flag": 2, "action_time": "2011-01-25 16:18:04", "object_repr": "Somewhat Organic Soap Co.", "object_id": "3", "change_message": "Deleted portfolio piece \"Image None\". Deleted portfolio piece \"Image None\".", "user": 2, "content_type": 20}}, {"pk": 168, "model": "admin.logentry", "fields": {"action_flag": 2, "action_time": "2011-01-25 16:07:21", "object_repr": "Southern Savers", "object_id": "2", "change_message": "Changed is_featured.", "user": 2, "content_type": 17}}, {"pk": 167, "model": "admin.logentry", "fields": {"action_flag": 2, "action_time": "2011-01-25 16:07:08", "object_repr": "Specialty Shops", "object_id": "3", "change_message": "Changed is_featured.", "user": 2, "content_type": 16}}, {"pk": 166, "model": "admin.logentry", "fields": {"action_flag": 2, "action_time": "2011-01-25 16:07:08", "object_repr": "iTV and the Apple Cloud", "object_id": "9", "change_message": "Changed is_featured.", "user": 2, "content_type": 16}}, {"pk": 165, "model": "admin.logentry", "fields": {"action_flag": 3, "action_time": "2011-01-25 16:05:21", "object_repr": "Front page image", "object_id": "7", "change_message": "", "user": 2, "content_type": 26}}, {"pk": 164, "model": "admin.logentry", "fields": {"action_flag": 3, "action_time": "2011-01-25 16:05:21", "object_repr": "Front page image", "object_id": "8", "change_message": "", "user": 2, "content_type": 26}}, {"pk": 163, "model": "admin.logentry", "fields": {"action_flag": 2, "action_time": "2011-01-25 16:05:09", "object_repr": "Front page image", "object_id": "4", "change_message": "Changed enabled.", "user": 2, "content_type": 26}}, {"pk": 162, "model": "admin.logentry", "fields": {"action_flag": 2, "action_time": "2011-01-25 16:05:09", "object_repr": "Front page image", "object_id": "5", "change_message": "Changed enabled.", "user": 2, "content_type": 26}}, {"pk": 161, "model": "admin.logentry", "fields": {"action_flag": 2, "action_time": "2011-01-25 16:05:09", "object_repr": "Front page image", "object_id": "7", "change_message": "Changed enabled.", "user": 2, "content_type": 26}}, {"pk": 160, "model": "admin.logentry", "fields": {"action_flag": 2, "action_time": "2011-01-25 16:05:09", "object_repr": "Front page image", "object_id": "8", "change_message": "Changed enabled.", "user": 2, "content_type": 26}}, {"pk": 159, "model": "admin.logentry", "fields": {"action_flag": 1, "action_time": "2011-01-25 16:04:51", "object_repr": "Front page image", "object_id": "8", "change_message": "", "user": 2, "content_type": 26}}, {"pk": 158, "model": "admin.logentry", "fields": {"action_flag": 1, "action_time": "2011-01-25 16:04:35", "object_repr": "Front page image", "object_id": "7", "change_message": "", "user": 2, "content_type": 26}}, {"pk": 157, "model": "admin.logentry", "fields": {"action_flag": 1, "action_time": "2011-01-25 16:04:20", "object_repr": "Front page image", "object_id": "6", "change_message": "", "user": 2, "content_type": 26}}, {"pk": 156, "model": "admin.logentry", "fields": {"action_flag": 2, "action_time": "2011-01-25 15:57:34", "object_repr": "Southern Savers", "object_id": "2", "change_message": "Changed image for image \"Image 16\".", "user": 2, "content_type": 17}}, {"pk": 155, "model": "admin.logentry", "fields": {"action_flag": 2, "action_time": "2011-01-25 15:39:51", "object_repr": "Southern Savers", "object_id": "4", "change_message": "No fields changed.", "user": 2, "content_type": 20}}, {"pk": 154, "model": "admin.logentry", "fields": {"action_flag": 2, "action_time": "2011-01-25 15:27:47", "object_repr": "Teaser Images", "object_id": "1", "change_message": "Changed status.", "user": 2, "content_type": 20}}, {"pk": 153, "model": "admin.logentry", "fields": {"action_flag": 2, "action_time": "2011-01-25 15:27:05", "object_repr": "The Trappe Door", "object_id": "2", "change_message": "Changed status.", "user": 2, "content_type": 20}}, {"pk": 152, "model": "admin.logentry", "fields": {"action_flag": 2, "action_time": "2011-01-25 15:27:05", "object_repr": "Somewhat Organic Soap Co.", "object_id": "3", "change_message": "Changed status.", "user": 2, "content_type": 20}}, {"pk": 151, "model": "admin.logentry", "fields": {"action_flag": 2, "action_time": "2011-01-25 15:27:05", "object_repr": "Southern Savers", "object_id": "4", "change_message": "Changed status.", "user": 2, "content_type": 20}}, {"pk": 150, "model": "admin.logentry", "fields": {"action_flag": 2, "action_time": "2011-01-25 15:26:38", "object_repr": "Southern Savers", "object_id": "4", "change_message": "No fields changed.", "user": 2, "content_type": 20}}, {"pk": 149, "model": "admin.logentry", "fields": {"action_flag": 2, "action_time": "2011-01-25 15:25:58", "object_repr": "Southern Savers", "object_id": "4", "change_message": "Changed order for portfolio piece \"Image 14\". Changed order for portfolio piece \"Image 15\".", "user": 2, "content_type": 20}}, {"pk": 148, "model": "admin.logentry", "fields": {"action_flag": 1, "action_time": "2011-01-25 15:25:28", "object_repr": "Southern Savers", "object_id": "4", "change_message": "", "user": 2, "content_type": 20}}, {"pk": 147, "model": "admin.logentry", "fields": {"action_flag": 1, "action_time": "2011-01-25 15:19:06", "object_repr": "Somewhat Organic Soap Co.", "object_id": "3", "change_message": "", "user": 2, "content_type": 20}}, {"pk": 146, "model": "admin.logentry", "fields": {"action_flag": 2, "action_time": "2011-01-25 12:33:02", "object_repr": "The Trappe Door", "object_id": "2", "change_message": "Changed description.", "user": 2, "content_type": 20}}, {"pk": 145, "model": "admin.logentry", "fields": {"action_flag": 2, "action_time": "2011-01-25 12:32:23", "object_repr": "The Trappe Door", "object_id": "2", "change_message": "Changed image for portfolio piece \"Image 8\".", "user": 2, "content_type": 20}}, {"pk": 144, "model": "admin.logentry", "fields": {"action_flag": 2, "action_time": "2011-01-25 12:10:47", "object_repr": "The Trappe Door", "object_id": "2", "change_message": "Changed title. Changed order for portfolio piece \"Image 7\". Changed order for portfolio piece \"Image 8\".", "user": 2, "content_type": 20}}, {"pk": 143, "model": "admin.logentry", "fields": {"action_flag": 1, "action_time": "2011-01-25 12:09:25", "object_repr": "The Trappe Door Branding", "object_id": "2", "change_message": "", "user": 2, "content_type": 20}}, {"pk": 142, "model": "admin.logentry", "fields": {"action_flag": 1, "action_time": "2011-01-25 11:49:54", "object_repr": "Southern Savers", "object_id": "4", "change_message": "", "user": 2, "content_type": 23}}, {"pk": 141, "model": "admin.logentry", "fields": {"action_flag": 1, "action_time": "2011-01-25 11:49:44", "object_repr": "Somewhat Organic Soap Co.", "object_id": "3", "change_message": "", "user": 2, "content_type": 23}}, {"pk": 140, "model": "admin.logentry", "fields": {"action_flag": 1, "action_time": "2011-01-25 11:49:26", "object_repr": "The Trappe Door", "object_id": "2", "change_message": "", "user": 2, "content_type": 23}}, {"pk": 139, "model": "admin.logentry", "fields": {"action_flag": 3, "action_time": "2010-12-31 17:09:56", "object_repr": "demouser", "object_id": "3", "change_message": "", "user": 1, "content_type": 3}}, {"pk": 138, "model": "admin.logentry", "fields": {"action_flag": 1, "action_time": "2010-11-29 16:02:57", "object_repr": "New Illustrations", "object_id": "17", "change_message": "", "user": 2, "content_type": 16}}, {"pk": 137, "model": "admin.logentry", "fields": {"action_flag": 2, "action_time": "2010-11-27 15:02:51", "object_repr": "demouser", "object_id": "3", "change_message": "Changed first_name, is_staff and user_permissions.", "user": 1, "content_type": 3}}, {"pk": 136, "model": "admin.logentry", "fields": {"action_flag": 1, "action_time": "2010-11-27 15:02:13", "object_repr": "demouser", "object_id": "3", "change_message": "", "user": 1, "content_type": 3}}, {"pk": 135, "model": "admin.logentry", "fields": {"action_flag": 2, "action_time": "2010-11-11 16:55:30", "object_repr": "Christmas Traditions", "object_id": "16", "change_message": "Changed status.", "user": 2, "content_type": 16}}, {"pk": 134, "model": "admin.logentry", "fields": {"action_flag": 1, "action_time": "2010-11-11 16:54:10", "object_repr": "Christmas Traditions", "object_id": "16", "change_message": "", "user": 2, "content_type": 16}}, {"pk": 133, "model": "admin.logentry", "fields": {"action_flag": 2, "action_time": "2010-10-25 18:44:13", "object_repr": "4 Shots", "object_id": "15", "change_message": "Changed status.", "user": 2, "content_type": 16}}, {"pk": 132, "model": "admin.logentry", "fields": {"action_flag": 2, "action_time": "2010-10-25 18:43:44", "object_repr": "4 Shots", "object_id": "15", "change_message": "Changed image for image \"Image 20\".", "user": 2, "content_type": 16}}, {"pk": 131, "model": "admin.logentry", "fields": {"action_flag": 1, "action_time": "2010-10-25 18:42:30", "object_repr": "4 Shots", "object_id": "15", "change_message": "", "user": 2, "content_type": 16}}, {"pk": 130, "model": "admin.logentry", "fields": {"action_flag": 3, "action_time": "2010-10-25 18:39:52", "object_repr": "4 Shots", "object_id": "14", "change_message": "", "user": 2, "content_type": 16}}, {"pk": 129, "model": "admin.logentry", "fields": {"action_flag": 2, "action_time": "2010-10-25 18:39:16", "object_repr": "4 Shots", "object_id": "14", "change_message": "Changed status.", "user": 2, "content_type": 16}}, {"pk": 128, "model": "admin.logentry", "fields": {"action_flag": 2, "action_time": "2010-10-25 18:38:24", "object_repr": "4 Shots", "object_id": "14", "change_message": "Added image \"Image 19\".", "user": 2, "content_type": 16}}, {"pk": 127, "model": "admin.logentry", "fields": {"action_flag": 1, "action_time": "2010-10-25 18:37:58", "object_repr": "4 Shots", "object_id": "14", "change_message": "", "user": 2, "content_type": 16}}, {"pk": 126, "model": "admin.logentry", "fields": {"action_flag": 3, "action_time": "2010-10-10 20:26:45", "object_repr": "yada", "object_id": "11", "change_message": "", "user": 1, "content_type": 16}}, {"pk": 125, "model": "admin.logentry", "fields": {"action_flag": 3, "action_time": "2010-10-10 19:47:54", "object_repr": "yada", "object_id": "11", "change_message": "", "user": 1, "content_type": 16}}, {"pk": 124, "model": "admin.logentry", "fields": {"action_flag": 3, "action_time": "2010-10-10 19:47:53", "object_repr": "yada", "object_id": "11", "change_message": "", "user": 1, "content_type": 16}}, {"pk": 123, "model": "admin.logentry", "fields": {"action_flag": 3, "action_time": "2010-10-10 18:50:40", "object_repr": "yada", "object_id": "11", "change_message": "", "user": 1, "content_type": 16}}, {"pk": 122, "model": "admin.logentry", "fields": {"action_flag": 2, "action_time": "2010-10-09 10:57:24", "object_repr": "Time to stop", "object_id": "13", "change_message": "Changed status. Changed image for image \"Image 18\".", "user": 2, "content_type": 16}}, {"pk": 121, "model": "admin.logentry", "fields": {"action_flag": 1, "action_time": "2010-10-09 10:52:13", "object_repr": "Time to stop", "object_id": "13", "change_message": "", "user": 2, "content_type": 16}}, {"pk": 120, "model": "admin.logentry", "fields": {"action_flag": 2, "action_time": "2010-10-06 15:35:16", "object_repr": "Front page image", "object_id": "3", "change_message": "Changed enabled.", "user": 2, "content_type": 26}}, {"pk": 119, "model": "admin.logentry", "fields": {"action_flag": 1, "action_time": "2010-10-06 15:35:09", "object_repr": "Front page image", "object_id": "5", "change_message": "", "user": 2, "content_type": 26}}, {"pk": 118, "model": "admin.logentry", "fields": {"action_flag": 2, "action_time": "2010-09-17 12:03:57", "object_repr": "Outsourcing Surprise & Delight", "object_id": "12", "change_message": "Changed status.", "user": 2, "content_type": 16}}, {"pk": 117, "model": "admin.logentry", "fields": {"action_flag": 3, "action_time": "2010-09-17 12:02:57", "object_repr": "Outsourcing Surprise & Delight", "object_id": "2", "change_message": "", "user": 2, "content_type": 18}}, {"pk": 116, "model": "admin.logentry", "fields": {"action_flag": 1, "action_time": "2010-09-17 12:02:00", "object_repr": "Outsourcing Surprise & Delight", "object_id": "2", "change_message": "", "user": 2, "content_type": 18}}, {"pk": 115, "model": "admin.logentry", "fields": {"action_flag": 1, "action_time": "2010-09-17 12:01:02", "object_repr": "Outsourcing Surprise & Delight", "object_id": "12", "change_message": "", "user": 2, "content_type": 16}}, {"pk": 114, "model": "admin.logentry", "fields": {"action_flag": 3, "action_time": "2010-09-14 14:47:39", "object_repr": "yada", "object_id": "11", "change_message": "", "user": 1, "content_type": 16}}, {"pk": 113, "model": "admin.logentry", "fields": {"action_flag": 3, "action_time": "2010-09-14 12:11:38", "object_repr": "yada", "object_id": "11", "change_message": "", "user": 1, "content_type": 16}}, {"pk": 112, "model": "admin.logentry", "fields": {"action_flag": 3, "action_time": "2010-09-14 12:07:26", "object_repr": "yada", "object_id": "11", "change_message": "", "user": 1, "content_type": 16}}, {"pk": 111, "model": "admin.logentry", "fields": {"action_flag": 3, "action_time": "2010-09-14 12:01:32", "object_repr": "yada", "object_id": "11", "change_message": "", "user": 1, "content_type": 16}}, {"pk": 110, "model": "admin.logentry", "fields": {"action_flag": 3, "action_time": "2010-09-14 12:01:06", "object_repr": "yada", "object_id": "11", "change_message": "", "user": 1, "content_type": 16}}, {"pk": 109, "model": "admin.logentry", "fields": {"action_flag": 3, "action_time": "2010-09-14 11:55:21", "object_repr": "yada", "object_id": "11", "change_message": "", "user": 1, "content_type": 16}}, {"pk": 108, "model": "admin.logentry", "fields": {"action_flag": 2, "action_time": "2010-09-13 14:00:36", "object_repr": "Southern Savers", "object_id": "2", "change_message": "Changed is_featured.", "user": 2, "content_type": 17}}, {"pk": 107, "model": "admin.logentry", "fields": {"action_flag": 2, "action_time": "2010-09-13 14:00:29", "object_repr": "The Scariest Moment", "object_id": "1", "change_message": "Changed is_featured.", "user": 2, "content_type": 19}}, {"pk": 106, "model": "admin.logentry", "fields": {"action_flag": 2, "action_time": "2010-09-13 14:00:16", "object_repr": "GVL / PRG", "object_id": "2", "change_message": "Changed is_featured.", "user": 2, "content_type": 16}}, {"pk": 105, "model": "admin.logentry", "fields": {"action_flag": 3, "action_time": "2010-09-09 18:36:08", "object_repr": "yada", "object_id": "11", "change_message": "", "user": 1, "content_type": 16}}, {"pk": 104, "model": "admin.logentry", "fields": {"action_flag": 3, "action_time": "2010-09-09 18:31:20", "object_repr": "yada", "object_id": "11", "change_message": "", "user": 1, "content_type": 16}}, {"pk": 103, "model": "admin.logentry", "fields": {"action_flag": 3, "action_time": "2010-09-09 18:30:40", "object_repr": "yada", "object_id": "11", "change_message": "", "user": 1, "content_type": 16}}, {"pk": 102, "model": "admin.logentry", "fields": {"action_flag": 3, "action_time": "2010-09-09 18:26:48", "object_repr": "yada", "object_id": "11", "change_message": "", "user": 1, "content_type": 16}}, {"pk": 101, "model": "admin.logentry", "fields": {"action_flag": 3, "action_time": "2010-09-09 18:18:10", "object_repr": "yada", "object_id": "11", "change_message": "", "user": 1, "content_type": 16}}, {"pk": 100, "model": "admin.logentry", "fields": {"action_flag": 3, "action_time": "2010-09-09 18:16:04", "object_repr": "yada", "object_id": "11", "change_message": "", "user": 1, "content_type": 16}}, {"pk": 99, "model": "admin.logentry", "fields": {"action_flag": 2, "action_time": "2010-09-09 15:34:05", "object_repr": "Southern Savers", "object_id": "2", "change_message": "Changed status.", "user": 2, "content_type": 17}}, {"pk": 98, "model": "admin.logentry", "fields": {"action_flag": 2, "action_time": "2010-09-09 15:33:12", "object_repr": "Southern Savers", "object_id": "2", "change_message": "Changed content_markdown.", "user": 2, "content_type": 17}}, {"pk": 97, "model": "admin.logentry", "fields": {"action_flag": 2, "action_time": "2010-09-09 15:32:59", "object_repr": "Southern Savers", "object_id": "2", "change_message": "Changed content_markdown.", "user": 2, "content_type": 17}}, {"pk": 96, "model": "admin.logentry", "fields": {"action_flag": 2, "action_time": "2010-09-09 15:32:10", "object_repr": "Southern Savers", "object_id": "2", "change_message": "Changed content_markdown.", "user": 2, "content_type": 17}}, {"pk": 95, "model": "admin.logentry", "fields": {"action_flag": 2, "action_time": "2010-09-09 15:31:56", "object_repr": "Southern Savers", "object_id": "2", "change_message": "Changed content_markdown.", "user": 2, "content_type": 17}}, {"pk": 94, "model": "admin.logentry", "fields": {"action_flag": 2, "action_time": "2010-09-09 15:31:26", "object_repr": "Southern Savers", "object_id": "2", "change_message": "Changed content_markdown.", "user": 2, "content_type": 17}}, {"pk": 93, "model": "admin.logentry", "fields": {"action_flag": 2, "action_time": "2010-09-09 15:26:31", "object_repr": "yada", "object_id": "11", "change_message": "Changed content_markdown.", "user": 2, "content_type": 16}}, {"pk": 92, "model": "admin.logentry", "fields": {"action_flag": 3, "action_time": "2010-09-09 15:26:04", "object_repr": "yada", "object_id": "11", "change_message": "", "user": 2, "content_type": 16}}, {"pk": 91, "model": "admin.logentry", "fields": {"action_flag": 3, "action_time": "2010-09-09 15:25:57", "object_repr": "yada", "object_id": "11", "change_message": "", "user": 2, "content_type": 16}}, {"pk": 90, "model": "admin.logentry", "fields": {"action_flag": 1, "action_time": "2010-09-09 15:25:27", "object_repr": "yada", "object_id": "11", "change_message": "", "user": 2, "content_type": 16}}, {"pk": 89, "model": "admin.logentry", "fields": {"action_flag": 2, "action_time": "2010-09-09 15:24:47", "object_repr": "Southern Savers", "object_id": "2", "change_message": "Changed content_markdown.", "user": 2, "content_type": 17}}, {"pk": 88, "model": "admin.logentry", "fields": {"action_flag": 2, "action_time": "2010-09-09 14:05:41", "object_repr": "Southern Savers", "object_id": "2", "change_message": "Deleted image \"Image None\".", "user": 1, "content_type": 17}}, {"pk": 87, "model": "admin.logentry", "fields": {"action_flag": 2, "action_time": "2010-09-09 13:57:48", "object_repr": "Southern Savers", "object_id": "2", "change_message": "Added image \"Image 17\".", "user": 1, "content_type": 17}}, {"pk": 86, "model": "admin.logentry", "fields": {"action_flag": 2, "action_time": "2010-09-08 16:14:05", "object_repr": "Southern Savers", "object_id": "2", "change_message": "Changed content_markdown.", "user": 2, "content_type": 17}}, {"pk": 85, "model": "admin.logentry", "fields": {"action_flag": 2, "action_time": "2010-09-08 16:07:03", "object_repr": "Southern Savers", "object_id": "2", "change_message": "No fields changed.", "user": 2, "content_type": 17}}, {"pk": 84, "model": "admin.logentry", "fields": {"action_flag": 1, "action_time": "2010-09-08 16:05:35", "object_repr": "Southern Savers", "object_id": "2", "change_message": "", "user": 2, "content_type": 17}}, {"pk": 83, "model": "admin.logentry", "fields": {"action_flag": 2, "action_time": "2010-09-08 15:58:30", "object_repr": "Southern Savers", "object_id": "10", "change_message": "Added image \"Image 12\".", "user": 2, "content_type": 16}}, {"pk": 82, "model": "admin.logentry", "fields": {"action_flag": 2, "action_time": "2010-09-08 15:52:14", "object_repr": "Southern Savers", "object_id": "10", "change_message": "Changed subtitle.", "user": 2, "content_type": 16}}, {"pk": 81, "model": "admin.logentry", "fields": {"action_flag": 2, "action_time": "2010-09-08 15:51:10", "object_repr": "Southern Savers", "object_id": "10", "change_message": "Changed content_markdown. Added image \"Image 8\". Added image \"Image 9\". Added image \"Image 10\". Added image \"Image 11\".", "user": 2, "content_type": 16}}, {"pk": 80, "model": "admin.logentry", "fields": {"action_flag": 1, "action_time": "2010-09-08 11:59:19", "object_repr": "Southern Savers", "object_id": "10", "change_message": "", "user": 2, "content_type": 16}}, {"pk": 79, "model": "admin.logentry", "fields": {"action_flag": 1, "action_time": "2010-09-02 17:22:03", "object_repr": "Front page image", "object_id": "4", "change_message": "", "user": 2, "content_type": 26}}, {"pk": 78, "model": "admin.logentry", "fields": {"action_flag": 2, "action_time": "2010-09-02 17:13:08", "object_repr": "Front page image", "object_id": "2", "change_message": "Changed enabled.", "user": 2, "content_type": 26}}, {"pk": 77, "model": "admin.logentry", "fields": {"action_flag": 1, "action_time": "2010-09-02 17:12:58", "object_repr": "Front page image", "object_id": "3", "change_message": "", "user": 2, "content_type": 26}}, {"pk": 76, "model": "admin.logentry", "fields": {"action_flag": 2, "action_time": "2010-09-02 14:20:17", "object_repr": "iTV and the Apple Cloud", "object_id": "9", "change_message": "Changed tags.", "user": 1, "content_type": 16}}, {"pk": 75, "model": "admin.logentry", "fields": {"action_flag": 1, "action_time": "2010-08-31 11:23:14", "object_repr": "iTV and the Apple Cloud", "object_id": "9", "change_message": "", "user": 2, "content_type": 16}}, {"pk": 74, "model": "admin.logentry", "fields": {"action_flag": 2, "action_time": "2010-08-27 14:12:12", "object_repr": "Inspiration: Opened House", "object_id": "4", "change_message": "Changed content_markdown.", "user": 1, "content_type": 16}}, {"pk": 73, "model": "admin.logentry", "fields": {"action_flag": 2, "action_time": "2010-08-27 14:11:54", "object_repr": "Alarm", "object_id": "8", "change_message": "Changed status. Added image \"Image 6\".", "user": 2, "content_type": 16}}, {"pk": 72, "model": "admin.logentry", "fields": {"action_flag": 2, "action_time": "2010-08-27 14:08:56", "object_repr": "Alarm", "object_id": "8", "change_message": "Deleted image \"Image None\".", "user": 1, "content_type": 16}}, {"pk": 71, "model": "admin.logentry", "fields": {"action_flag": 2, "action_time": "2010-08-27 14:08:45", "object_repr": "Alarm", "object_id": "8", "change_message": "Added image \"Image 5\".", "user": 1, "content_type": 16}}, {"pk": 70, "model": "admin.logentry", "fields": {"action_flag": 2, "action_time": "2010-08-27 13:33:11", "object_repr": "mikemeyer", "object_id": "1", "change_message": "Changed first_name and last_name.", "user": 1, "content_type": 3}}, {"pk": 69, "model": "admin.logentry", "fields": {"action_flag": 2, "action_time": "2010-08-26 14:07:01", "object_repr": "Alarm", "object_id": "8", "change_message": "Changed status.", "user": 2, "content_type": 16}}, {"pk": 68, "model": "admin.logentry", "fields": {"action_flag": 3, "action_time": "2010-08-26 14:06:34", "object_repr": "Alarm", "object_id": "8", "change_message": "", "user": 2, "content_type": 16}}, {"pk": 67, "model": "admin.logentry", "fields": {"action_flag": 1, "action_time": "2010-08-26 14:05:59", "object_repr": "Alarm", "object_id": "8", "change_message": "", "user": 2, "content_type": 16}}, {"pk": 66, "model": "admin.logentry", "fields": {"action_flag": 2, "action_time": "2010-08-22 00:15:41", "object_repr": "Decisions are progress", "object_id": "2", "change_message": "Changed author.", "user": 1, "content_type": 19}}, {"pk": 65, "model": "admin.logentry", "fields": {"action_flag": 2, "action_time": "2010-08-20 15:01:01", "object_repr": "Inspiration: Opened House", "object_id": "4", "change_message": "Changed status.", "user": 2, "content_type": 16}}, {"pk": 64, "model": "admin.logentry", "fields": {"action_flag": 1, "action_time": "2010-08-20 15:00:34", "object_repr": "Inspiration: Opened House", "object_id": "4", "change_message": "", "user": 2, "content_type": 16}}, {"pk": 63, "model": "admin.logentry", "fields": {"action_flag": 1, "action_time": "2010-08-18 09:29:41", "object_repr": "Decisions are progress", "object_id": "2", "change_message": "", "user": 2, "content_type": 19}}, {"pk": 62, "model": "admin.logentry", "fields": {"action_flag": 2, "action_time": "2010-08-14 15:43:15", "object_repr": "The Scariest Moment", "object_id": "1", "change_message": "No fields changed.", "user": 1, "content_type": 19}}, {"pk": 61, "model": "admin.logentry", "fields": {"action_flag": 2, "action_time": "2010-08-14 15:42:48", "object_repr": "The Scariest Moment", "object_id": "1", "change_message": "No fields changed.", "user": 1, "content_type": 19}}, {"pk": 60, "model": "admin.logentry", "fields": {"action_flag": 2, "action_time": "2010-08-14 15:42:22", "object_repr": "Specialty Shops", "object_id": "3", "change_message": "No fields changed.", "user": 1, "content_type": 16}}, {"pk": 59, "model": "admin.logentry", "fields": {"action_flag": 2, "action_time": "2010-08-14 15:42:04", "object_repr": "The Scariest Moment", "object_id": "1", "change_message": "No fields changed.", "user": 1, "content_type": 19}}, {"pk": 58, "model": "admin.logentry", "fields": {"action_flag": 2, "action_time": "2010-08-14 15:40:30", "object_repr": "andrewramos.com", "object_id": "1", "change_message": "Changed domain.", "user": 1, "content_type": 7}}, {"pk": 57, "model": "admin.logentry", "fields": {"action_flag": 2, "action_time": "2010-08-14 15:33:22", "object_repr": "The Glass Bottle Effect", "object_id": "1", "change_message": "Changed slug.", "user": 1, "content_type": 16}}, {"pk": 56, "model": "admin.logentry", "fields": {"action_flag": 2, "action_time": "2010-08-12 15:43:18", "object_repr": "Dropbox", "object_id": "1", "change_message": "Changed content_markdown and link.", "user": 2, "content_type": 18}}, {"pk": 55, "model": "admin.logentry", "fields": {"action_flag": 2, "action_time": "2010-08-12 15:36:17", "object_repr": "The Glass Bottle Effect", "object_id": "1", "change_message": "Changed title, content_markdown and tags.", "user": 2, "content_type": 16}}, {"pk": 54, "model": "admin.logentry", "fields": {"action_flag": 2, "action_time": "2010-08-12 15:14:49", "object_repr": "Specialty Shops", "object_id": "3", "change_message": "Changed content_markdown.", "user": 2, "content_type": 16}}, {"pk": 53, "model": "admin.logentry", "fields": {"action_flag": 2, "action_time": "2010-08-12 15:13:19", "object_repr": "Specialty Shops", "object_id": "3", "change_message": "Changed content_markdown and tags.", "user": 2, "content_type": 16}}, {"pk": 52, "model": "admin.logentry", "fields": {"action_flag": 2, "action_time": "2010-08-12 15:10:30", "object_repr": "GVL / PRG", "object_id": "2", "change_message": "Changed content_markdown.", "user": 2, "content_type": 16}}, {"pk": 51, "model": "admin.logentry", "fields": {"action_flag": 2, "action_time": "2010-08-12 15:09:52", "object_repr": "GVL / PRG", "object_id": "2", "change_message": "Changed content_markdown.", "user": 2, "content_type": 16}}, {"pk": 50, "model": "admin.logentry", "fields": {"action_flag": 2, "action_time": "2010-08-12 15:05:31", "object_repr": "Teaser Images", "object_id": "1", "change_message": "Changed order for portfolio piece \"Image 3\". Changed order for portfolio piece \"Image 4\". Changed order for portfolio piece \"Image 5\".", "user": 2, "content_type": 20}}, {"pk": 49, "model": "admin.logentry", "fields": {"action_flag": 2, "action_time": "2010-08-12 15:03:55", "object_repr": "Teaser Images", "object_id": "1", "change_message": "Added portfolio piece \"Image 3\". Added portfolio piece \"Image 4\". Added portfolio piece \"Image 5\".", "user": 2, "content_type": 20}}, {"pk": 48, "model": "admin.logentry", "fields": {"action_flag": 2, "action_time": "2010-08-12 14:41:08", "object_repr": "Front page image", "object_id": "1", "change_message": "Changed enabled.", "user": 2, "content_type": 26}}, {"pk": 47, "model": "admin.logentry", "fields": {"action_flag": 2, "action_time": "2010-08-12 01:57:28", "object_repr": "Teaser Images", "object_id": "1", "change_message": "Changed order for portfolio piece \"Image 1\".", "user": 1, "content_type": 20}}, {"pk": 46, "model": "admin.logentry", "fields": {"action_flag": 2, "action_time": "2010-08-12 01:57:19", "object_repr": "Teaser Images", "object_id": "1", "change_message": "Changed order for portfolio piece \"Image 1\".", "user": 1, "content_type": 20}}, {"pk": 45, "model": "admin.logentry", "fields": {"action_flag": 2, "action_time": "2010-08-12 00:47:52", "object_repr": "Specialty Shops", "object_id": "3", "change_message": "Changed content_markdown.", "user": 1, "content_type": 16}}, {"pk": 44, "model": "admin.logentry", "fields": {"action_flag": 2, "action_time": "2010-08-12 00:47:14", "object_repr": "Specialty Shops", "object_id": "3", "change_message": "Changed content_markdown.", "user": 1, "content_type": 16}}, {"pk": 43, "model": "admin.logentry", "fields": {"action_flag": 2, "action_time": "2010-08-12 00:46:45", "object_repr": "Specialty Shops", "object_id": "3", "change_message": "Changed content_markdown.", "user": 1, "content_type": 16}}, {"pk": 42, "model": "admin.logentry", "fields": {"action_flag": 2, "action_time": "2010-08-12 00:45:40", "object_repr": "GVL / PRG", "object_id": "2", "change_message": "Changed content_markdown.", "user": 1, "content_type": 16}}, {"pk": 41, "model": "admin.logentry", "fields": {"action_flag": 2, "action_time": "2010-08-12 00:35:33", "object_repr": "Teaser Images", "object_id": "1", "change_message": "Changed order for portfolio piece \"Image 2\".", "user": 1, "content_type": 20}}, {"pk": 40, "model": "admin.logentry", "fields": {"action_flag": 2, "action_time": "2010-08-12 00:34:58", "object_repr": "Teaser Images", "object_id": "1", "change_message": "Changed order for portfolio piece \"Image 1\". Changed order for portfolio piece \"Image 2\".", "user": 1, "content_type": 20}}, {"pk": 39, "model": "admin.logentry", "fields": {"action_flag": 2, "action_time": "2010-08-12 00:17:00", "object_repr": "Teaser Images", "object_id": "1", "change_message": "Changed image_width.", "user": 1, "content_type": 20}}, {"pk": 38, "model": "admin.logentry", "fields": {"action_flag": 2, "action_time": "2010-08-12 00:16:40", "object_repr": "Teaser Images", "object_id": "1", "change_message": "Changed image_width.", "user": 1, "content_type": 20}}, {"pk": 37, "model": "admin.logentry", "fields": {"action_flag": 2, "action_time": "2010-08-11 23:18:03", "object_repr": "About (about)", "object_id": "1", "change_message": "Changed content_markdown.", "user": 2, "content_type": 24}}, {"pk": 36, "model": "admin.logentry", "fields": {"action_flag": 2, "action_time": "2010-08-11 20:31:33", "object_repr": "Glass Bottle Delicacy", "object_id": "1", "change_message": "Changed image for image \"Image 2\".", "user": 2, "content_type": 16}}, {"pk": 35, "model": "admin.logentry", "fields": {"action_flag": 2, "action_time": "2010-08-11 20:22:48", "object_repr": "Glass Bottle Delicacy", "object_id": "1", "change_message": "Changed content_markdown.", "user": 2, "content_type": 16}}, {"pk": 34, "model": "admin.logentry", "fields": {"action_flag": 2, "action_time": "2010-08-11 20:04:25", "object_repr": "Specialty Shops", "object_id": "3", "change_message": "Changed tags.", "user": 1, "content_type": 16}}, {"pk": 33, "model": "admin.logentry", "fields": {"action_flag": 1, "action_time": "2010-08-11 20:01:50", "object_repr": "Specialty Shops", "object_id": "3", "change_message": "", "user": 2, "content_type": 16}}, {"pk": 32, "model": "admin.logentry", "fields": {"action_flag": 2, "action_time": "2010-08-11 19:56:05", "object_repr": "Glass Bottle Delicacy", "object_id": "1", "change_message": "Changed content_markdown.", "user": 1, "content_type": 16}}, {"pk": 31, "model": "admin.logentry", "fields": {"action_flag": 2, "action_time": "2010-08-11 19:54:36", "object_repr": "Glass Bottle Delicacy", "object_id": "1", "change_message": "Changed tags.", "user": 1, "content_type": 16}}, {"pk": 30, "model": "admin.logentry", "fields": {"action_flag": 2, "action_time": "2010-08-11 19:51:59", "object_repr": "Glass Bottle Delicacy", "object_id": "1", "change_message": "Changed is_featured.", "user": 2, "content_type": 16}}, {"pk": 29, "model": "admin.logentry", "fields": {"action_flag": 2, "action_time": "2010-08-11 19:51:59", "object_repr": "GVL / PRG", "object_id": "2", "change_message": "Changed is_featured.", "user": 2, "content_type": 16}}, {"pk": 28, "model": "admin.logentry", "fields": {"action_flag": 2, "action_time": "2010-08-11 19:51:48", "object_repr": "The Scariest Moment", "object_id": "1", "change_message": "Changed is_featured.", "user": 2, "content_type": 19}}, {"pk": 27, "model": "admin.logentry", "fields": {"action_flag": 2, "action_time": "2010-08-11 19:46:36", "object_repr": "Front page image", "object_id": "1", "change_message": "Changed image and link.", "user": 2, "content_type": 26}}, {"pk": 26, "model": "admin.logentry", "fields": {"action_flag": 2, "action_time": "2010-08-11 19:46:15", "object_repr": "Front page image", "object_id": "2", "change_message": "Changed image and link.", "user": 2, "content_type": 26}}, {"pk": 25, "model": "admin.logentry", "fields": {"action_flag": 3, "action_time": "2010-08-11 19:32:36", "object_repr": "Southern Savers", "object_id": "1", "change_message": "", "user": 2, "content_type": 17}}, {"pk": 24, "model": "admin.logentry", "fields": {"action_flag": 2, "action_time": "2010-08-11 19:31:52", "object_repr": "Glass Bottle Delicacy", "object_id": "1", "change_message": "Changed content_markdown. Added image \"Image 2\".", "user": 2, "content_type": 16}}, {"pk": 23, "model": "admin.logentry", "fields": {"action_flag": 2, "action_time": "2010-08-11 19:22:21", "object_repr": "Teaser Images", "object_id": "1", "change_message": "Changed case_study.", "user": 2, "content_type": 20}}, {"pk": 22, "model": "admin.logentry", "fields": {"action_flag": 2, "action_time": "2010-08-11 19:18:22", "object_repr": "GVL / PRG", "object_id": "2", "change_message": "Added image \"Image 1\".", "user": 2, "content_type": 16}}, {"pk": 21, "model": "admin.logentry", "fields": {"action_flag": 1, "action_time": "2010-08-11 19:17:47", "object_repr": "GVL / PRG", "object_id": "2", "change_message": "", "user": 2, "content_type": 16}}, {"pk": 20, "model": "admin.logentry", "fields": {"action_flag": 2, "action_time": "2010-08-11 19:16:26", "object_repr": "Teaser Images", "object_id": "1", "change_message": "No fields changed.", "user": 2, "content_type": 20}}, {"pk": 19, "model": "admin.logentry", "fields": {"action_flag": 2, "action_time": "2010-08-11 19:13:53", "object_repr": "Teaser Images", "object_id": "1", "change_message": "Changed title.", "user": 2, "content_type": 20}}, {"pk": 18, "model": "admin.logentry", "fields": {"action_flag": 1, "action_time": "2010-08-11 19:13:43", "object_repr": "Teaser images", "object_id": "1", "change_message": "", "user": 2, "content_type": 20}}, {"pk": 17, "model": "admin.logentry", "fields": {"action_flag": 1, "action_time": "2010-08-11 19:13:35", "object_repr": "Personal", "object_id": "1", "change_message": "", "user": 2, "content_type": 23}}, {"pk": 16, "model": "admin.logentry", "fields": {"action_flag": 2, "action_time": "2010-08-11 19:09:51", "object_repr": "Dropbox", "object_id": "1", "change_message": "Changed is_featured.", "user": 2, "content_type": 18}}, {"pk": 15, "model": "admin.logentry", "fields": {"action_flag": 2, "action_time": "2010-08-11 19:09:09", "object_repr": "Front page image", "object_id": "2", "change_message": "Changed link.", "user": 2, "content_type": 26}}, {"pk": 14, "model": "admin.logentry", "fields": {"action_flag": 1, "action_time": "2010-08-11 19:08:17", "object_repr": "Front page image", "object_id": "2", "change_message": "", "user": 2, "content_type": 26}}, {"pk": 13, "model": "admin.logentry", "fields": {"action_flag": 1, "action_time": "2010-08-11 19:05:46", "object_repr": "Front page image", "object_id": "1", "change_message": "", "user": 1, "content_type": 26}}, {"pk": 12, "model": "admin.logentry", "fields": {"action_flag": 1, "action_time": "2010-08-11 18:55:07", "object_repr": "Dropbox", "object_id": "1", "change_message": "", "user": 2, "content_type": 18}}, {"pk": 11, "model": "admin.logentry", "fields": {"action_flag": 1, "action_time": "2010-08-11 18:53:59", "object_repr": "Southern Savers", "object_id": "1", "change_message": "", "user": 2, "content_type": 17}}, {"pk": 10, "model": "admin.logentry", "fields": {"action_flag": 1, "action_time": "2010-08-11 18:52:37", "object_repr": "The Scariest Moment", "object_id": "1", "change_message": "", "user": 2, "content_type": 19}}, {"pk": 9, "model": "admin.logentry", "fields": {"action_flag": 2, "action_time": "2010-08-11 18:50:55", "object_repr": "Glass Bottle Delicacy", "object_id": "1", "change_message": "No fields changed.", "user": 2, "content_type": 16}}, {"pk": 8, "model": "admin.logentry", "fields": {"action_flag": 1, "action_time": "2010-08-11 18:47:36", "object_repr": "Glass Bottle Delicacy", "object_id": "1", "change_message": "", "user": 2, "content_type": 16}}, {"pk": 7, "model": "admin.logentry", "fields": {"action_flag": 2, "action_time": "2010-08-11 14:48:17", "object_repr": "About (about)", "object_id": "1", "change_message": "Changed content_markdown.", "user": 1, "content_type": 24}}, {"pk": 6, "model": "admin.logentry", "fields": {"action_flag": 2, "action_time": "2010-08-11 10:00:23", "object_repr": "dev.andrewramos.com", "object_id": "1", "change_message": "Changed domain.", "user": 1, "content_type": 7}}, {"pk": 5, "model": "admin.logentry", "fields": {"action_flag": 2, "action_time": "2010-08-11 01:11:18", "object_repr": "andrew", "object_id": "2", "change_message": "Changed username.", "user": 1, "content_type": 3}}, {"pk": 4, "model": "admin.logentry", "fields": {"action_flag": 2, "action_time": "2010-08-11 01:10:18", "object_repr": "andrewramos", "object_id": "2", "change_message": "Changed first_name, last_name, email, is_staff and user_permissions.", "user": 1, "content_type": 3}}, {"pk": 3, "model": "admin.logentry", "fields": {"action_flag": 1, "action_time": "2010-08-11 01:09:37", "object_repr": "andrewramos", "object_id": "2", "change_message": "", "user": 1, "content_type": 3}}, {"pk": 2, "model": "admin.logentry", "fields": {"action_flag": 2, "action_time": "2010-08-11 00:58:18", "object_repr": "andrewramos.com", "object_id": "1", "change_message": "Changed domain and name.", "user": 1, "content_type": 7}}, {"pk": 1, "model": "admin.logentry", "fields": {"action_flag": 1, "action_time": "2010-08-11 00:57:57", "object_repr": "About (about)", "object_id": "1", "change_message": "", "user": 1, "content_type": 24}}, {"pk": 1, "model": "south.migrationhistory", "fields": {"applied": "2010-08-11 04:43:36", "app_name": "easy_thumbnails", "migration": "0001_initial"}}, {"pk": 2, "model": "south.migrationhistory", "fields": {"applied": "2010-08-11 04:43:36", "app_name": "easy_thumbnails", "migration": "0002_filename_indexes"}}, {"pk": 3, "model": "south.migrationhistory", "fields": {"applied": "2010-08-11 04:43:37", "app_name": "blog", "migration": "0001_initial"}}, {"pk": 4, "model": "south.migrationhistory", "fields": {"applied": "2010-08-11 04:43:37", "app_name": "portfolio", "migration": "0001_initial"}}, {"pk": 5, "model": "south.migrationhistory", "fields": {"applied": "2010-08-11 04:43:37", "app_name": "content", "migration": "0001_initial"}}, {"pk": 6, "model": "south.migrationhistory", "fields": {"applied": "2010-08-12 04:33:49", "app_name": "portfolio", "migration": "0002_auto__add_field_portfoliopiece_order"}}, {"pk": 7, "model": "south.migrationhistory", "fields": {"applied": "2011-05-13 21:41:06", "app_name": "easy_thumbnails", "migration": "0003_auto__add_storagenew"}}, {"pk": 8, "model": "south.migrationhistory", "fields": {"applied": "2011-05-13 21:41:06", "app_name": "easy_thumbnails", "migration": "0004_auto__add_field_source_storage_new__add_field_thumbnail_storage_new"}}, {"pk": 9, "model": "south.migrationhistory", "fields": {"applied": "2011-05-13 21:41:07", "app_name": "easy_thumbnails", "migration": "0005_storage_fks_null"}}, {"pk": 10, "model": "south.migrationhistory", "fields": {"applied": "2011-05-13 21:41:07", "app_name": "easy_thumbnails", "migration": "0006_copy_storage"}}, {"pk": 11, "model": "south.migrationhistory", "fields": {"applied": "2011-05-13 21:41:07", "app_name": "easy_thumbnails", "migration": "0007_storagenew_fks_not_null"}}, {"pk": 12, "model": "south.migrationhistory", "fields": {"applied": "2011-05-13 21:41:07", "app_name": "easy_thumbnails", "migration": "0008_auto__del_field_source_storage__del_field_thumbnail_storage"}}, {"pk": 13, "model": "south.migrationhistory", "fields": {"applied": "2011-05-13 21:41:07", "app_name": "easy_thumbnails", "migration": "0009_auto__del_storage"}}, {"pk": 14, "model": "south.migrationhistory", "fields": {"applied": "2011-05-13 21:41:07", "app_name": "easy_thumbnails", "migration": "0010_rename_storage"}}, {"pk": 15, "model": "south.migrationhistory", "fields": {"applied": "2011-05-13 21:41:07", "app_name": "easy_thumbnails", "migration": "0011_auto__add_field_source_storage_hash__add_field_thumbnail_storage_hash"}}, {"pk": 16, "model": "south.migrationhistory", "fields": {"applied": "2011-05-13 21:41:07", "app_name": "easy_thumbnails", "migration": "0012_build_storage_hashes"}}, {"pk": 17, "model": "south.migrationhistory", "fields": {"applied": "2011-05-13 21:48:47", "app_name": "blog", "migration": "0002_auto__del_field_article_tags__del_field_shortpost_tags__del_field_quot"}}, {"pk": 18, "model": "south.migrationhistory", "fields": {"applied": "2011-05-13 21:48:47", "app_name": "content", "migration": "0002_auto__del_emailmessage__del_staticpage"}}, {"pk": 1, "model": "easy_thumbnails.source", "fields": {"name": "uploads/front-page/shot_1281221339.png", "storage_hash": "df2a8819fc7f348e9715cca951e8e5df", "modified": "2010-08-11 19:05:46"}}, {"pk": 2, "model": "easy_thumbnails.source", "fields": {"name": "uploads/front-page/Process-2.jpg", "storage_hash": "df2a8819fc7f348e9715cca951e8e5df", "modified": "2010-08-11 19:08:17"}}, {"pk": 3, "model": "easy_thumbnails.source", "fields": {"name": "uploads/portfolio/Start-Copy.jpg", "storage_hash": "df2a8819fc7f348e9715cca951e8e5df", "modified": "2010-08-11 19:13:43"}}, {"pk": 4, "model": "easy_thumbnails.source", "fields": {"name": "uploads/portfolio/Shopping-Cart.jpg", "storage_hash": "df2a8819fc7f348e9715cca951e8e5df", "modified": "2010-08-11 19:13:43"}}, {"pk": 5, "model": "easy_thumbnails.source", "fields": {"name": "uploads/blog/Travel.jpg", "storage_hash": "df2a8819fc7f348e9715cca951e8e5df", "modified": "2010-08-11 19:18:22"}}, {"pk": 6, "model": "easy_thumbnails.source", "fields": {"name": "uploads/blog/Glass_Bottle.jpg", "storage_hash": "df2a8819fc7f348e9715cca951e8e5df", "modified": "2010-08-11 19:31:52"}}, {"pk": 7, "model": "easy_thumbnails.source", "fields": {"name": "uploads/front-page/shot_1281106568.png", "storage_hash": "df2a8819fc7f348e9715cca951e8e5df", "modified": "2010-08-11 19:46:15"}}, {"pk": 8, "model": "easy_thumbnails.source", "fields": {"name": "uploads/front-page/shot_1279813053.png", "storage_hash": "df2a8819fc7f348e9715cca951e8e5df", "modified": "2010-08-11 19:46:36"}}, {"pk": 9, "model": "easy_thumbnails.source", "fields": {"name": "uploads/blog/Saturday-Market-peaches.jpg", "storage_hash": "df2a8819fc7f348e9715cca951e8e5df", "modified": "2010-08-11 20:01:50"}}, {"pk": 10, "model": "easy_thumbnails.source", "fields": {"name": "uploads/blog/Glass-Bottle.jpg", "storage_hash": "df2a8819fc7f348e9715cca951e8e5df", "modified": "2010-08-11 20:31:33"}}, {"pk": 11, "model": "easy_thumbnails.source", "fields": {"name": "uploads/portfolio/Coupons.jpg", "storage_hash": "df2a8819fc7f348e9715cca951e8e5df", "modified": "2010-08-12 15:03:55"}}, {"pk": 12, "model": "easy_thumbnails.source", "fields": {"name": "uploads/portfolio/Max.jpg", "storage_hash": "df2a8819fc7f348e9715cca951e8e5df", "modified": "2010-08-12 15:03:55"}}, {"pk": 13, "model": "easy_thumbnails.source", "fields": {"name": "uploads/portfolio/Volume.jpg", "storage_hash": "df2a8819fc7f348e9715cca951e8e5df", "modified": "2010-08-12 15:03:55"}}, {"pk": 14, "model": "easy_thumbnails.source", "fields": {"name": "uploads/blog/edstrom-house-exterior.jpg", "storage_hash": "df2a8819fc7f348e9715cca951e8e5df", "modified": "2010-08-20 15:00:34"}}, {"pk": 15, "model": "easy_thumbnails.source", "fields": {"name": "uploads/blog/putin-large.jpg", "storage_hash": "df2a8819fc7f348e9715cca951e8e5df", "modified": "2010-08-27 14:08:45"}}, {"pk": 16, "model": "easy_thumbnails.source", "fields": {"name": "uploads/blog/Alarm-Clock.jpg", "storage_hash": "df2a8819fc7f348e9715cca951e8e5df", "modified": "2010-08-27 14:11:54"}}, {"pk": 17, "model": "easy_thumbnails.source", "fields": {"name": "uploads/blog/Apple-Cloud.jpg", "storage_hash": "df2a8819fc7f348e9715cca951e8e5df", "modified": "2010-08-31 11:23:14"}}, {"pk": 18, "model": "easy_thumbnails.source", "fields": {"name": "uploads/front-page/New_iTunes_Icon.png", "storage_hash": "df2a8819fc7f348e9715cca951e8e5df", "modified": "2010-09-02 17:12:58"}}, {"pk": 19, "model": "easy_thumbnails.source", "fields": {"name": "uploads/front-page/Screen_shot_2010-09-02_at_4.49.35_PM.png", "storage_hash": "df2a8819fc7f348e9715cca951e8e5df", "modified": "2010-09-02 17:22:03"}}, {"pk": 20, "model": "easy_thumbnails.source", "fields": {"name": "uploads/front-page/Screen_shot_2010-09-02_at_4.49.35_PM.png", "storage_hash": "df2a8819fc7f348e9715cca951e8e5df", "modified": "2010-09-02 17:22:03"}}, {"pk": 21, "model": "easy_thumbnails.source", "fields": {"name": "uploads/blog/SS-sketches.jpg", "storage_hash": "df2a8819fc7f348e9715cca951e8e5df", "modified": "2010-09-08 15:51:10"}}, {"pk": 22, "model": "easy_thumbnails.source", "fields": {"name": "uploads/blog/SS-logo.jpg", "storage_hash": "df2a8819fc7f348e9715cca951e8e5df", "modified": "2010-09-08 15:51:10"}}, {"pk": 23, "model": "easy_thumbnails.source", "fields": {"name": "uploads/blog/SS-learning.jpg", "storage_hash": "df2a8819fc7f348e9715cca951e8e5df", "modified": "2010-09-08 15:51:10"}}, {"pk": 24, "model": "easy_thumbnails.source", "fields": {"name": "uploads/blog/SS-martin.jpg", "storage_hash": "df2a8819fc7f348e9715cca951e8e5df", "modified": "2010-09-08 15:51:10"}}, {"pk": 25, "model": "easy_thumbnails.source", "fields": {"name": "uploads/blog/SS-sketches2.jpg", "storage_hash": "df2a8819fc7f348e9715cca951e8e5df", "modified": "2010-09-08 15:58:30"}}, {"pk": 26, "model": "easy_thumbnails.source", "fields": {"name": "uploads/blog/SS-logo_1.jpg", "storage_hash": "df2a8819fc7f348e9715cca951e8e5df", "modified": "2010-09-08 16:05:35"}}, {"pk": 27, "model": "easy_thumbnails.source", "fields": {"name": "uploads/blog/SS-sketches_1.jpg", "storage_hash": "df2a8819fc7f348e9715cca951e8e5df", "modified": "2010-09-08 16:05:35"}}, {"pk": 28, "model": "easy_thumbnails.source", "fields": {"name": "uploads/blog/SS-learning_1.jpg", "storage_hash": "df2a8819fc7f348e9715cca951e8e5df", "modified": "2010-09-08 16:05:35"}}, {"pk": 29, "model": "easy_thumbnails.source", "fields": {"name": "uploads/blog/SS-martin_1.jpg", "storage_hash": "df2a8819fc7f348e9715cca951e8e5df", "modified": "2010-09-08 16:05:35"}}, {"pk": 30, "model": "easy_thumbnails.source", "fields": {"name": "uploads/blog/avatard-dribbble.png", "storage_hash": "df2a8819fc7f348e9715cca951e8e5df", "modified": "2010-09-09 13:57:48"}}, {"pk": 31, "model": "easy_thumbnails.source", "fields": {"name": "uploads/front-page/Screen_shot_2010-10-06_at_3.29.21_PM.png", "storage_hash": "df2a8819fc7f348e9715cca951e8e5df", "modified": "2010-10-06 15:35:09"}}, {"pk": 32, "model": "easy_thumbnails.source", "fields": {"name": "uploads/blog/Traffic-Light.jpg", "storage_hash": "df2a8819fc7f348e9715cca951e8e5df", "modified": "2010-10-09 10:52:13"}}, {"pk": 33, "model": "easy_thumbnails.source", "fields": {"name": "uploads/blog/Traffic-Light_1.jpg", "storage_hash": "df2a8819fc7f348e9715cca951e8e5df", "modified": "2010-10-09 10:57:24"}}, {"pk": 1, "model": "easy_thumbnails.thumbnail", "fields": {"source": 1, "name": "resized/uploads/front-page/r_shot_1281221339.png.100x100_q85.png", "storage_hash": "df2a8819fc7f348e9715cca951e8e5df", "modified": "2010-08-11 19:05:47"}}, {"pk": 2, "model": "easy_thumbnails.thumbnail", "fields": {"source": 1, "name": "resized/uploads/front-page/r_shot_1281221339.png.220x800_q85.png", "storage_hash": "df2a8819fc7f348e9715cca951e8e5df", "modified": "2010-08-11 19:07:38"}}, {"pk": 3, "model": "easy_thumbnails.thumbnail", "fields": {"source": 2, "name": "resized/uploads/front-page/r_Process-2.jpg.100x100_q85.png", "storage_hash": "df2a8819fc7f348e9715cca951e8e5df", "modified": "2010-08-11 19:08:18"}}, {"pk": 4, "model": "easy_thumbnails.thumbnail", "fields": {"source": 2, "name": "resized/uploads/front-page/r_Process-2.jpg.220x800_q85.png", "storage_hash": "df2a8819fc7f348e9715cca951e8e5df", "modified": "2010-08-11 19:08:26"}}, {"pk": 5, "model": "easy_thumbnails.thumbnail", "fields": {"source": 3, "name": "resized/uploads/portfolio/r_Start-Copy.jpg.100x100_q85.png", "storage_hash": "df2a8819fc7f348e9715cca951e8e5df", "modified": "2010-08-11 19:13:46"}}, {"pk": 6, "model": "easy_thumbnails.thumbnail", "fields": {"source": 4, "name": "resized/uploads/portfolio/r_Shopping-Cart.jpg.100x100_q85.png", "storage_hash": "df2a8819fc7f348e9715cca951e8e5df", "modified": "2010-08-11 19:13:46"}}, {"pk": 7, "model": "easy_thumbnails.thumbnail", "fields": {"source": 4, "name": "resized/uploads/portfolio/r_Shopping-Cart.jpg.480x440_q85_crop_upscale.png", "storage_hash": "df2a8819fc7f348e9715cca951e8e5df", "modified": "2010-08-11 19:13:58"}}, {"pk": 8, "model": "easy_thumbnails.thumbnail", "fields": {"source": 3, "name": "resized/uploads/portfolio/r_Start-Copy.jpg.480x440_q85_crop_upscale.png", "storage_hash": "df2a8819fc7f348e9715cca951e8e5df", "modified": "2010-08-11 19:13:58"}}, {"pk": 9, "model": "easy_thumbnails.thumbnail", "fields": {"source": 5, "name": "resized/uploads/blog/r_Travel.jpg.700x440_q85_crop_upscale.png", "storage_hash": "df2a8819fc7f348e9715cca951e8e5df", "modified": "2010-08-11 19:18:27"}}, {"pk": 10, "model": "easy_thumbnails.thumbnail", "fields": {"source": 5, "name": "resized/uploads/blog/r_Travel.jpg.100x100_q85.png", "storage_hash": "df2a8819fc7f348e9715cca951e8e5df", "modified": "2010-08-11 19:18:35"}}, {"pk": 11, "model": "easy_thumbnails.thumbnail", "fields": {"source": 6, "name": "resized/uploads/blog/r_Glass_Bottle.jpg.480x440_q85_crop_upscale.png", "storage_hash": "df2a8819fc7f348e9715cca951e8e5df", "modified": "2010-08-11 19:31:57"}}, {"pk": 12, "model": "easy_thumbnails.thumbnail", "fields": {"source": 7, "name": "resized/uploads/front-page/r_shot_1281106568.png.100x100_q85.png", "storage_hash": "df2a8819fc7f348e9715cca951e8e5df", "modified": "2010-08-11 19:46:15"}}, {"pk": 13, "model": "easy_thumbnails.thumbnail", "fields": {"source": 8, "name": "resized/uploads/front-page/r_shot_1279813053.png.100x100_q85.png", "storage_hash": "df2a8819fc7f348e9715cca951e8e5df", "modified": "2010-08-11 19:46:36"}}, {"pk": 14, "model": "easy_thumbnails.thumbnail", "fields": {"source": 7, "name": "resized/uploads/front-page/r_shot_1281106568.png.220x800_q85.png", "storage_hash": "df2a8819fc7f348e9715cca951e8e5df", "modified": "2010-08-11 19:46:39"}}, {"pk": 15, "model": "easy_thumbnails.thumbnail", "fields": {"source": 8, "name": "resized/uploads/front-page/r_shot_1279813053.png.220x800_q85.png", "storage_hash": "df2a8819fc7f348e9715cca951e8e5df", "modified": "2010-08-11 19:46:39"}}, {"pk": 16, "model": "easy_thumbnails.thumbnail", "fields": {"source": 6, "name": "resized/uploads/blog/r_Glass_Bottle.jpg.100x100_q85.png", "storage_hash": "df2a8819fc7f348e9715cca951e8e5df", "modified": "2010-08-11 19:54:26"}}, {"pk": 17, "model": "easy_thumbnails.thumbnail", "fields": {"source": 9, "name": "resized/uploads/blog/r_Saturday-Market-peaches.jpg.700x440_q85_crop_upscale.png", "storage_hash": "df2a8819fc7f348e9715cca951e8e5df", "modified": "2010-08-11 20:01:54"}}, {"pk": 18, "model": "easy_thumbnails.thumbnail", "fields": {"source": 9, "name": "resized/uploads/blog/r_Saturday-Market-peaches.jpg.100x100_q85.png", "storage_hash": "df2a8819fc7f348e9715cca951e8e5df", "modified": "2010-08-11 20:04:17"}}, {"pk": 19, "model": "easy_thumbnails.thumbnail", "fields": {"source": 10, "name": "resized/uploads/blog/r_Glass-Bottle.jpg.480x440_q85_crop_upscale.png", "storage_hash": "df2a8819fc7f348e9715cca951e8e5df", "modified": "2010-08-11 20:31:38"}}, {"pk": 20, "model": "easy_thumbnails.thumbnail", "fields": {"source": 4, "name": "resized/uploads/portfolio/r_Shopping-Cart.jpg.700x440_q85_crop_upscale.png", "storage_hash": "df2a8819fc7f348e9715cca951e8e5df", "modified": "2010-08-12 00:16:52"}}, {"pk": 21, "model": "easy_thumbnails.thumbnail", "fields": {"source": 3, "name": "resized/uploads/portfolio/r_Start-Copy.jpg.700x440_q85_crop_upscale.png", "storage_hash": "df2a8819fc7f348e9715cca951e8e5df", "modified": "2010-08-12 00:16:52"}}, {"pk": 22, "model": "easy_thumbnails.thumbnail", "fields": {"source": 11, "name": "resized/uploads/portfolio/r_Coupons.jpg.480x440_q85_crop_upscale.png", "storage_hash": "df2a8819fc7f348e9715cca951e8e5df", "modified": "2010-08-12 15:04:05"}}, {"pk": 23, "model": "easy_thumbnails.thumbnail", "fields": {"source": 12, "name": "resized/uploads/portfolio/r_Max.jpg.480x440_q85_crop_upscale.png", "storage_hash": "df2a8819fc7f348e9715cca951e8e5df", "modified": "2010-08-12 15:04:06"}}, {"pk": 24, "model": "easy_thumbnails.thumbnail", "fields": {"source": 13, "name": "resized/uploads/portfolio/r_Volume.jpg.480x440_q85_crop_upscale.png", "storage_hash": "df2a8819fc7f348e9715cca951e8e5df", "modified": "2010-08-12 15:04:06"}}, {"pk": 25, "model": "easy_thumbnails.thumbnail", "fields": {"source": 11, "name": "resized/uploads/portfolio/r_Coupons.jpg.100x100_q85.png", "storage_hash": "df2a8819fc7f348e9715cca951e8e5df", "modified": "2010-08-12 15:04:54"}}, {"pk": 26, "model": "easy_thumbnails.thumbnail", "fields": {"source": 12, "name": "resized/uploads/portfolio/r_Max.jpg.100x100_q85.png", "storage_hash": "df2a8819fc7f348e9715cca951e8e5df", "modified": "2010-08-12 15:04:54"}}, {"pk": 27, "model": "easy_thumbnails.thumbnail", "fields": {"source": 13, "name": "resized/uploads/portfolio/r_Volume.jpg.100x100_q85.png", "storage_hash": "df2a8819fc7f348e9715cca951e8e5df", "modified": "2010-08-12 15:04:54"}}, {"pk": 28, "model": "easy_thumbnails.thumbnail", "fields": {"source": 10, "name": "resized/uploads/blog/r_Glass-Bottle.jpg.100x100_q85.png", "storage_hash": "df2a8819fc7f348e9715cca951e8e5df", "modified": "2010-08-12 15:15:41"}}, {"pk": 29, "model": "easy_thumbnails.thumbnail", "fields": {"source": 14, "name": "resized/uploads/blog/r_edstrom-house-exterior.jpg.480x440_q85_crop_upscale.png", "storage_hash": "df2a8819fc7f348e9715cca951e8e5df", "modified": "2010-08-20 15:01:07"}}, {"pk": 30, "model": "easy_thumbnails.thumbnail", "fields": {"source": 15, "name": "resized/uploads/blog/r_putin-large.jpg.100x100_q85.png", "storage_hash": "df2a8819fc7f348e9715cca951e8e5df", "modified": "2010-08-27 14:08:48"}}, {"pk": 31, "model": "easy_thumbnails.thumbnail", "fields": {"source": 14, "name": "resized/uploads/blog/r_edstrom-house-exterior.jpg.100x100_q85.png", "storage_hash": "df2a8819fc7f348e9715cca951e8e5df", "modified": "2010-08-27 14:10:58"}}, {"pk": 32, "model": "easy_thumbnails.thumbnail", "fields": {"source": 16, "name": "resized/uploads/blog/r_Alarm-Clock.jpg.700x440_q85_crop_upscale.png", "storage_hash": "df2a8819fc7f348e9715cca951e8e5df", "modified": "2010-08-27 14:12:03"}}, {"pk": 33, "model": "easy_thumbnails.thumbnail", "fields": {"source": 16, "name": "resized/uploads/blog/r_Alarm-Clock.jpg.100x100_q85.png", "storage_hash": "df2a8819fc7f348e9715cca951e8e5df", "modified": "2010-08-27 14:20:39"}}, {"pk": 34, "model": "easy_thumbnails.thumbnail", "fields": {"source": 17, "name": "resized/uploads/blog/r_Apple-Cloud.jpg.700x440_q85_crop_upscale.png", "storage_hash": "df2a8819fc7f348e9715cca951e8e5df", "modified": "2010-08-31 11:23:21"}}, {"pk": 35, "model": "easy_thumbnails.thumbnail", "fields": {"source": 17, "name": "resized/uploads/blog/r_Apple-Cloud.jpg.100x100_q85.png", "storage_hash": "df2a8819fc7f348e9715cca951e8e5df", "modified": "2010-09-02 14:20:08"}}, {"pk": 36, "model": "easy_thumbnails.thumbnail", "fields": {"source": 18, "name": "resized/uploads/front-page/r_New_iTunes_Icon.png.100x100_q85.png", "storage_hash": "df2a8819fc7f348e9715cca951e8e5df", "modified": "2010-09-02 17:12:59"}}, {"pk": 37, "model": "easy_thumbnails.thumbnail", "fields": {"source": 18, "name": "resized/uploads/front-page/r_New_iTunes_Icon.png.220x800_q85.png", "storage_hash": "df2a8819fc7f348e9715cca951e8e5df", "modified": "2010-09-02 17:13:13"}}, {"pk": 38, "model": "easy_thumbnails.thumbnail", "fields": {"source": 19, "name": "resized/uploads/front-page/r_Screen_shot_2010-09-02_at_4.49.35_PM.png.100x100_q85.png", "storage_hash": "df2a8819fc7f348e9715cca951e8e5df", "modified": "2010-09-02 17:22:04"}}, {"pk": 39, "model": "easy_thumbnails.thumbnail", "fields": {"source": 20, "name": "resized/uploads/front-page/r_Screen_shot_2010-09-02_at_4.49.35_PM.png.220x800_q85.png", "storage_hash": "df2a8819fc7f348e9715cca951e8e5df", "modified": "2010-09-02 17:22:04"}}, {"pk": 40, "model": "easy_thumbnails.thumbnail", "fields": {"source": 21, "name": "resized/uploads/blog/r_SS-sketches.jpg.700x440_q85_crop_upscale.png", "storage_hash": "df2a8819fc7f348e9715cca951e8e5df", "modified": "2010-09-08 15:51:15"}}, {"pk": 41, "model": "easy_thumbnails.thumbnail", "fields": {"source": 22, "name": "resized/uploads/blog/r_SS-logo.jpg.700x440_q85_crop_upscale.png", "storage_hash": "df2a8819fc7f348e9715cca951e8e5df", "modified": "2010-09-08 15:51:15"}}, {"pk": 42, "model": "easy_thumbnails.thumbnail", "fields": {"source": 23, "name": "resized/uploads/blog/r_SS-learning.jpg.700x440_q85_crop_upscale.png", "storage_hash": "df2a8819fc7f348e9715cca951e8e5df", "modified": "2010-09-08 15:51:16"}}, {"pk": 43, "model": "easy_thumbnails.thumbnail", "fields": {"source": 24, "name": "resized/uploads/blog/r_SS-martin.jpg.700x440_q85_crop_upscale.png", "storage_hash": "df2a8819fc7f348e9715cca951e8e5df", "modified": "2010-09-08 15:51:16"}}, {"pk": 44, "model": "easy_thumbnails.thumbnail", "fields": {"source": 21, "name": "resized/uploads/blog/r_SS-sketches.jpg.100x100_q85.png", "storage_hash": "df2a8819fc7f348e9715cca951e8e5df", "modified": "2010-09-08 15:51:46"}}, {"pk": 45, "model": "easy_thumbnails.thumbnail", "fields": {"source": 22, "name": "resized/uploads/blog/r_SS-logo.jpg.100x100_q85.png", "storage_hash": "df2a8819fc7f348e9715cca951e8e5df", "modified": "2010-09-08 15:51:46"}}, {"pk": 46, "model": "easy_thumbnails.thumbnail", "fields": {"source": 23, "name": "resized/uploads/blog/r_SS-learning.jpg.100x100_q85.png", "storage_hash": "df2a8819fc7f348e9715cca951e8e5df", "modified": "2010-09-08 15:51:46"}}, {"pk": 47, "model": "easy_thumbnails.thumbnail", "fields": {"source": 24, "name": "resized/uploads/blog/r_SS-martin.jpg.100x100_q85.png", "storage_hash": "df2a8819fc7f348e9715cca951e8e5df", "modified": "2010-09-08 15:51:47"}}, {"pk": 48, "model": "easy_thumbnails.thumbnail", "fields": {"source": 25, "name": "resized/uploads/blog/r_SS-sketches2.jpg.700x440_q85_crop_upscale.png", "storage_hash": "df2a8819fc7f348e9715cca951e8e5df", "modified": "2010-09-08 15:58:33"}}, {"pk": 49, "model": "easy_thumbnails.thumbnail", "fields": {"source": 26, "name": "resized/uploads/blog/r_SS-logo_1.jpg.700x440_q85_crop_upscale.png", "storage_hash": "df2a8819fc7f348e9715cca951e8e5df", "modified": "2010-09-08 16:05:41"}}, {"pk": 50, "model": "easy_thumbnails.thumbnail", "fields": {"source": 27, "name": "resized/uploads/blog/r_SS-sketches_1.jpg.700x440_q85_crop_upscale.png", "storage_hash": "df2a8819fc7f348e9715cca951e8e5df", "modified": "2010-09-08 16:05:41"}}, {"pk": 51, "model": "easy_thumbnails.thumbnail", "fields": {"source": 28, "name": "resized/uploads/blog/r_SS-learning_1.jpg.700x440_q85_crop_upscale.png", "storage_hash": "df2a8819fc7f348e9715cca951e8e5df", "modified": "2010-09-08 16:05:41"}}, {"pk": 52, "model": "easy_thumbnails.thumbnail", "fields": {"source": 29, "name": "resized/uploads/blog/r_SS-martin_1.jpg.700x440_q85_crop_upscale.png", "storage_hash": "df2a8819fc7f348e9715cca951e8e5df", "modified": "2010-09-08 16:05:41"}}, {"pk": 53, "model": "easy_thumbnails.thumbnail", "fields": {"source": 26, "name": "resized/uploads/blog/r_SS-logo_1.jpg.100x100_q85.png", "storage_hash": "df2a8819fc7f348e9715cca951e8e5df", "modified": "2010-09-08 16:05:55"}}, {"pk": 54, "model": "easy_thumbnails.thumbnail", "fields": {"source": 27, "name": "resized/uploads/blog/r_SS-sketches_1.jpg.100x100_q85.png", "storage_hash": "df2a8819fc7f348e9715cca951e8e5df", "modified": "2010-09-08 16:05:55"}}, {"pk": 55, "model": "easy_thumbnails.thumbnail", "fields": {"source": 28, "name": "resized/uploads/blog/r_SS-learning_1.jpg.100x100_q85.png", "storage_hash": "df2a8819fc7f348e9715cca951e8e5df", "modified": "2010-09-08 16:05:55"}}, {"pk": 56, "model": "easy_thumbnails.thumbnail", "fields": {"source": 29, "name": "resized/uploads/blog/r_SS-martin_1.jpg.100x100_q85.png", "storage_hash": "df2a8819fc7f348e9715cca951e8e5df", "modified": "2010-09-08 16:05:55"}}, {"pk": 57, "model": "easy_thumbnails.thumbnail", "fields": {"source": 30, "name": "resized/uploads/blog/r_avatard-dribbble.png.100x100_q85.png", "storage_hash": "df2a8819fc7f348e9715cca951e8e5df", "modified": "2010-09-09 13:57:49"}}, {"pk": 58, "model": "easy_thumbnails.thumbnail", "fields": {"source": 30, "name": "resized/uploads/blog/r_avatard-dribbble.png.700x440_q85_crop_upscale.png", "storage_hash": "df2a8819fc7f348e9715cca951e8e5df", "modified": "2010-09-09 13:58:31"}}, {"pk": 59, "model": "easy_thumbnails.thumbnail", "fields": {"source": 31, "name": "resized/uploads/front-page/r_Screen_shot_2010-10-06_at_3.29.21_PM.png.100x100_q85.png", "storage_hash": "df2a8819fc7f348e9715cca951e8e5df", "modified": "2010-10-06 15:35:10"}}, {"pk": 60, "model": "easy_thumbnails.thumbnail", "fields": {"source": 31, "name": "resized/uploads/front-page/r_Screen_shot_2010-10-06_at_3.29.21_PM.png.220x800_q85.png", "storage_hash": "df2a8819fc7f348e9715cca951e8e5df", "modified": "2010-10-06 15:35:27"}}, {"pk": 61, "model": "easy_thumbnails.thumbnail", "fields": {"source": 32, "name": "resized/uploads/blog/r_Traffic-Light.jpg.480x440_q85_crop_upscale.png", "storage_hash": "df2a8819fc7f348e9715cca951e8e5df", "modified": "2010-10-09 10:52:17"}}, {"pk": 62, "model": "easy_thumbnails.thumbnail", "fields": {"source": 32, "name": "resized/uploads/blog/r_Traffic-Light.jpg.100x100_q85.png", "storage_hash": "df2a8819fc7f348e9715cca951e8e5df", "modified": "2010-10-09 10:55:56"}}, {"pk": 63, "model": "easy_thumbnails.thumbnail", "fields": {"source": 33, "name": "resized/uploads/blog/r_Traffic-Light_1.jpg.480x440_q85_crop_upscale.png", "storage_hash": "df2a8819fc7f348e9715cca951e8e5df", "modified": "2010-10-09 10:57:45"}}, {"pk": 1, "model": "blog.image", "fields": {"image": "uploads/blog/Travel.jpg", "object_id": 2, "content_type": 16}}, {"pk": 3, "model": "blog.image", "fields": {"image": "uploads/blog/Saturday-Market-peaches.jpg", "object_id": 3, "content_type": 16}}, {"pk": 2, "model": "blog.image", "fields": {"image": "uploads/blog/Glass-Bottle.jpg", "object_id": 1, "content_type": 16}}, {"pk": 4, "model": "blog.image", "fields": {"image": "uploads/blog/edstrom-house-exterior.jpg", "object_id": 4, "content_type": 16}}, {"pk": 6, "model": "blog.image", "fields": {"image": "uploads/blog/Alarm-Clock.jpg", "object_id": 8, "content_type": 16}}, {"pk": 7, "model": "blog.image", "fields": {"image": "uploads/blog/Apple-Cloud.jpg", "object_id": 9, "content_type": 16}}, {"pk": 8, "model": "blog.image", "fields": {"image": "uploads/blog/SS-sketches.jpg", "object_id": 10, "content_type": 16}}, {"pk": 9, "model": "blog.image", "fields": {"image": "uploads/blog/SS-logo.jpg", "object_id": 10, "content_type": 16}}, {"pk": 10, "model": "blog.image", "fields": {"image": "uploads/blog/SS-learning.jpg", "object_id": 10, "content_type": 16}}, {"pk": 11, "model": "blog.image", "fields": {"image": "uploads/blog/SS-martin.jpg", "object_id": 10, "content_type": 16}}, {"pk": 12, "model": "blog.image", "fields": {"image": "uploads/blog/SS-sketches2.jpg", "object_id": 10, "content_type": 16}}, {"pk": 13, "model": "blog.image", "fields": {"image": "uploads/blog/SS-logo_1.jpg", "object_id": 2, "content_type": 17}}, {"pk": 14, "model": "blog.image", "fields": {"image": "uploads/blog/SS-sketches_1.jpg", "object_id": 2, "content_type": 17}}, {"pk": 15, "model": "blog.image", "fields": {"image": "uploads/blog/SS-learning_1.jpg", "object_id": 2, "content_type": 17}}, {"pk": 18, "model": "blog.image", "fields": {"image": "uploads/blog/Traffic-Light_1.jpg", "object_id": 13, "content_type": 16}}, {"pk": 20, "model": "blog.image", "fields": {"image": "uploads/blog/4_Shots_1.jpg", "object_id": 15, "content_type": 16}}, {"pk": 21, "model": "blog.image", "fields": {"image": "uploads/blog/DontWorry.jpg", "object_id": 16, "content_type": 16}}, {"pk": 16, "model": "blog.image", "fields": {"image": "uploads/blog/SS-martin_2.jpg", "object_id": 2, "content_type": 17}}, {"pk": 23, "model": "blog.image", "fields": {"image": "uploads/blog/QA_1.jpg", "object_id": 18, "content_type": 16}}, {"pk": 24, "model": "blog.image", "fields": {"image": "uploads/blog/Designspiration.png", "object_id": 19, "content_type": 16}}, {"pk": 26, "model": "blog.image", "fields": {"image": "uploads/blog/Ties.png", "object_id": 21, "content_type": 16}}, {"pk": 28, "model": "blog.image", "fields": {"image": "uploads/blog/GoodbyeCRX_3.jpg", "object_id": 24, "content_type": 16}}, {"pk": 27, "model": "blog.image", "fields": {"image": "uploads/blog/Wren-Launch2.jpg", "object_id": 23, "content_type": 16}}, {"pk": 1, "model": "blog.article", "fields": {"status": "p", "is_featured": true, "subtitle": "", "title": "The Glass Bottle Effect", "display_title": true, "date_modified": "2010-08-14 15:33:22", "excerpt": "", "image_width": "p", "content": "<p>The presentation of a product is so important. How it looks and feels conveys a level of quality about the product and what you can expect from it. But even how you're introduced to it can play into your evaluation of the product or brand. While in Prague this last summer, we noticed there seemed to be much less advertising than what we are used to Stateside. Instead of brands being able to <em>tell</em> me how good they were, they had to <em>prove</em> it to me.</p>\n<p>Here in the States, the Coca-Cola brand means little to nothing for me. It's a simple soft drink (or soda, or pop depending on your geographical persuasion). It's a cheap drink that's delivered in an equally cheap plastic package. But in Prague, glass bottles were the norm. And not just any glass bottles mind you\u2014heavy, re-used glass bottles. The kind of glass bottle that would literally bounce if you dropped it. The kind of glass bottle where the logo was actually raised from the side creating a wonderful tactile quality. When it was actually brought to the table, it was poured into another glass like it was some fine wine, like maybe I would need to approve the bottle before it was poured. And it was incredibly good. This wasn't a cheap drink, this was something everyone looked forward to. Can a simple change in presentation make that much of a difference? <em>Absolutely.</em></p>", "date_published": "2010-08-11 18:41:38", "date_added": "2010-08-11 18:47:36", "content_markdown": "The presentation of a product is so important. How it looks and feels conveys a level of quality about the product and what you can expect from it. But even how you're introduced to it can play into your evaluation of the product or brand. While in Prague this last summer, we noticed there seemed to be much less advertising than what we are used to Stateside. Instead of brands being able to *tell* me how good they were, they had to *prove* it to me.\r\n\r\nHere in the States, the Coca-Cola brand means little to nothing for me. It's a simple soft drink (or soda, or pop depending on your geographical persuasion). It's a cheap drink that's delivered in an equally cheap plastic package. But in Prague, glass bottles were the norm. And not just any glass bottles mind you\u2014heavy, re-used glass bottles. The kind of glass bottle that would literally bounce if you dropped it. The kind of glass bottle where the logo was actually raised from the side creating a wonderful tactile quality. When it was actually brought to the table, it was poured into another glass like it was some fine wine, like maybe I would need to approve the bottle before it was poured. And it was incredibly good. This wasn't a cheap drink, this was something everyone looked forward to. Can a simple change in presentation make that much of a difference? *Absolutely.*\r\n", "slug": "glass-bottle-effect"}}, {"pk": 2, "model": "blog.article", "fields": {"status": "p", "is_featured": false, "subtitle": "", "title": "GVL / PRG", "display_title": false, "date_modified": "2010-09-13 14:00:15", "excerpt": "", "image_width": "f", "content": "<p>A few travel details from our flight to Prague this last summer. </p>", "date_published": "2010-08-07 19:16:38", "date_added": "2010-08-11 19:17:47", "content_markdown": "A few travel details from our flight to Prague this last summer. ", "slug": "gvl-prg"}}, {"pk": 9, "model": "blog.article", "fields": {"status": "p", "is_featured": false, "subtitle": "", "title": "iTV and the Apple Cloud", "display_title": true, "date_modified": "2011-01-25 16:07:08", "excerpt": "", "image_width": "f", "content": "<p>As an Apple TV user for the last two years, it's been particularly interesting to hear the speculation of an updated device. Overall, I've enjoyed the experience of the Apple TV. It has a relatively limited offering, but what it does, it does well. It's allowed us to comfortably ditch cable for the last two years and still enjoy the shows we like, when we want them\u2014with no commercials. The tv shows and movies are ready to watch within seconds, so it's all around pretty enjoyable. </p>\n<p>There are a few areas it stumbles in though, one being storage. I rarely watch a tv show a second time, but also have a hard time deleting that content, so it sits on the device taking up valuable space. Movies take up even more space and we only watch them a few times a year. I see a disconnect there. Is there any real value in owning the physical data, whether disc or digital? Personally, I have no interest in having tv shows and movies stored locally. I suppose you could argue music is a little different since you may listen to it more often than you would watch videos, but even then the music I'm listening to right now is streaming via Pandora. If the rumors are true, we'll soon be able to upload our music, tv shows and movies to an account on the Apple Cloud and then access it from a computer, iTV, iPad, etc while having the <em>option</em> to save it to a device if needed. You then have access to all your purchased content, without sacrificing hard drive space. With companies like Pandora and Hulu leading the way, the idea of local media storage is quickly becoming a thing of the past.</p>", "date_published": "2010-08-31 11:16:50", "date_added": "2010-08-31 11:23:13", "content_markdown": "As an Apple TV user for the last two years, it's been particularly interesting to hear the speculation of an updated device. Overall, I've enjoyed the experience of the Apple TV. It has a relatively limited offering, but what it does, it does well. It's allowed us to comfortably ditch cable for the last two years and still enjoy the shows we like, when we want them\u2014with no commercials. The tv shows and movies are ready to watch within seconds, so it's all around pretty enjoyable. \r\n\r\nThere are a few areas it stumbles in though, one being storage. I rarely watch a tv show a second time, but also have a hard time deleting that content, so it sits on the device taking up valuable space. Movies take up even more space and we only watch them a few times a year. I see a disconnect there. Is there any real value in owning the physical data, whether disc or digital? Personally, I have no interest in having tv shows and movies stored locally. I suppose you could argue music is a little different since you may listen to it more often than you would watch videos, but even then the music I'm listening to right now is streaming via Pandora. If the rumors are true, we'll soon be able to upload our music, tv shows and movies to an account on the Apple Cloud and then access it from a computer, iTV, iPad, etc while having the *option* to save it to a device if needed. You then have access to all your purchased content, without sacrificing hard drive space. With companies like Pandora and Hulu leading the way, the idea of local media storage is quickly becoming a thing of the past.\r\n", "slug": "apple-cloud"}}, {"pk": 3, "model": "blog.article", "fields": {"status": "p", "is_featured": false, "subtitle": "", "title": "Specialty Shops", "display_title": true, "date_modified": "2011-01-25 16:07:08", "excerpt": "", "image_width": "f", "content": "<p>Most Saturday mornings I can be found at my city's Downtown Market. Loads of fresh food available directly from the local farmers themselves. I was thinking this week how each booth there is like it's own little specialty shop: They're focused on a small niche, passionate about what they are doing, and are intensely focused on providing value to their customers. I love that. Other shops or stores may offer more products--they may even cost less--but that doesn't mean it's valuable. Honestly, It's tough to match the passion for quality and the deep desire to make something better that comes with running a small shop. </p>\n<p>The same thing goes for my business. I don't want to be the shop that offers everything possible. Generic products and ideas wrapped with a shiny ribbon of business jargon. I want to provide a niche offering of identity and illustration that's focused on the client, meeting them where they are at and helping them move forward. Carefully crafting a brand that pays attention to the small things, all those little details that add up to so much\u2014because that's <em>worth</em> something. Because that <em>is</em> valuable.</p>", "date_published": "2010-08-08 19:58:49", "date_added": "2010-08-11 20:01:50", "content_markdown": "Most Saturday mornings I can be found at my city's Downtown Market. Loads of fresh food available directly from the local farmers themselves. I was thinking this week how each booth there is like it's own little specialty shop: They're focused on a small niche, passionate about what they are doing, and are intensely focused on providing value to their customers. I love that. Other shops or stores may offer more products--they may even cost less--but that doesn't mean it's valuable. Honestly, It's tough to match the passion for quality and the deep desire to make something better that comes with running a small shop. \r\n\r\nThe same thing goes for my business. I don't want to be the shop that offers everything possible. Generic products and ideas wrapped with a shiny ribbon of business jargon. I want to provide a niche offering of identity and illustration that's focused on the client, meeting them where they are at and helping them move forward. Carefully crafting a brand that pays attention to the small things, all those little details that add up to so much\u2014because that's *worth* something. Because that *is* valuable.", "slug": "specialty-shops"}}, {"pk": 8, "model": "blog.article", "fields": {"status": "p", "is_featured": false, "subtitle": "", "title": "Alarm", "display_title": false, "date_modified": "2010-08-27 14:11:54", "excerpt": "", "image_width": "f", "content": "", "date_published": "2010-08-26 14:05:09", "date_added": "2010-08-26 14:05:58", "content_markdown": "", "slug": "alarm"}}, {"pk": 4, "model": "blog.article", "fields": {"status": "p", "is_featured": false, "subtitle": "", "title": "Inspiration: Opened House", "display_title": false, "date_modified": "2010-08-27 14:12:12", "excerpt": "", "image_width": "p", "content": "<p><a href=\"http://www.dwell.com/articles/Opened-House.html\">Via</a></p>", "date_published": "2010-08-20 14:56:02", "date_added": "2010-08-20 15:00:34", "content_markdown": "[Via](http://www.dwell.com/articles/Opened-House.html)", "slug": "inspiration-opened-house"}}, {"pk": 10, "model": "blog.article", "fields": {"status": "d", "is_featured": false, "subtitle": "Southern Deals & Frugal Steals", "title": "Southern Savers", "display_title": true, "date_modified": "2010-09-08 15:58:29", "excerpt": "", "image_width": "f", "content": "<p>Southern Savers is a site that makes saving money easy and rewarding. When Jenny Martin decided it was time to give the brand a new look, she first tapped Matthew Smith of Squared Eye for the web design, who then brought me in for the identity and illustration. What a great project to work on! Jenny has done such a good job of building up this business and works so hard to make saving money easy for the rest of us. </p>\n<p>My part started with a call and questionnaire to learn more about Jenny, Southern Savers and how she interacted with visitors and fans. Next came a mood board, which gives me a really good feel for what the client likes and dislikes, and Jenny gave us really great feedback\u2014She was excellent to work with! Because Jenny is such a big part of the Southern Saver brand,  her personality and likes/dislikes played a bigger part than normal in this particular project. </p>\n<p>After that process, we take all of her feedback from the moodboard and sketch out several concepts (or directions). The direction she chose was one that used an illustration of her magnolia, but paired it with an aesthetic that was along the lines of an older general store. A palette of blue and green seemed to really fit her personal aesthetics, as well as what she was trying to accomplish with the brand. Those colors generally evoke a sense of calm and casualness, obviously very appropriate for approaching something like Southern Savers, where people may think it's going to be complicated based on their past couponing fiascos. The hand-lettered type has an old-school feel to it, but is also clean and updated. We wanted to resist using weathering techniques for the rebrand, but also push this classic southern feel forward. We also knew we wanted other illustrations to play a role in the branding, and give Matthew at Squared Eye some nice visuals to work with as he designed the site. So in the sketches, we presented some ideas of what accompanying illustrations might look like for each direction.</p>\n<p>Credits:</p>\n<p>Identity and illustration: Andrew Ramos\nWebsite Design: Squared Eye\nStrategy and IA: Emily Smith\nDevelopment: Kevin Smith\nProject Management: Jamin Jantz</p>", "date_published": "2010-09-08 09:01:00", "date_added": "2010-09-08 11:59:18", "content_markdown": "Southern Savers is a site that makes saving money easy and rewarding. When Jenny Martin decided it was time to give the brand a new look, she first tapped Matthew Smith of Squared Eye for the web design, who then brought me in for the identity and illustration. What a great project to work on! Jenny has done such a good job of building up this business and works so hard to make saving money easy for the rest of us. \r\n\r\nMy part started with a call and questionnaire to learn more about Jenny, Southern Savers and how she interacted with visitors and fans. Next came a mood board, which gives me a really good feel for what the client likes and dislikes, and Jenny gave us really great feedback\u2014She was excellent to work with! Because Jenny is such a big part of the Southern Saver brand,  her personality and likes/dislikes played a bigger part than normal in this particular project. \r\n\r\nAfter that process, we take all of her feedback from the moodboard and sketch out several concepts (or directions). The direction she chose was one that used an illustration of her magnolia, but paired it with an aesthetic that was along the lines of an older general store. A palette of blue and green seemed to really fit her personal aesthetics, as well as what she was trying to accomplish with the brand. Those colors generally evoke a sense of calm and casualness, obviously very appropriate for approaching something like Southern Savers, where people may think it's going to be complicated based on their past couponing fiascos. The hand-lettered type has an old-school feel to it, but is also clean and updated. We wanted to resist using weathering techniques for the rebrand, but also push this classic southern feel forward. We also knew we wanted other illustrations to play a role in the branding, and give Matthew at Squared Eye some nice visuals to work with as he designed the site. So in the sketches, we presented some ideas of what accompanying illustrations might look like for each direction.\r\n\r\n\r\nCredits:\r\n\r\nIdentity and illustration: Andrew Ramos\r\nWebsite Design: Squared Eye\r\nStrategy and IA: Emily Smith\r\nDevelopment: Kevin Smith\r\nProject Management: Jamin Jantz\r\n", "slug": "southern-savers"}}, {"pk": 12, "model": "blog.article", "fields": {"status": "p", "is_featured": false, "subtitle": "", "title": "Outsourcing Surprise & Delight", "display_title": true, "date_modified": "2010-09-17 12:03:57", "excerpt": "", "image_width": "f", "content": "<p>The act of comping, or compensating, customers by occasionally giving them free drinks is a fairly routine action by Starbucks coffee shops as a way to Surprise &amp; Delight their customers. It's such a small gesture yet one that has big payoff. Surprise &amp; Delight. The perfect description.</p>\n<p>This morning a manager at my local starbucks told me that with their new rewards program, they are no longer allowing employees to comp drinks; the card system takes care of that automatically. Once you purchase 15 drinks, you'll get a free one. But doesn't that go against everything that 'Surprise &amp; Delight' tries to achieve? Why the decision to suddenly outsource the personal connection? Now there is no surprise, only expectations\u2014and instead of delight a mere system of card-swipes.</p>", "date_published": "2010-09-17 12:00:16", "date_added": "2010-09-17 12:01:01", "content_markdown": "The act of comping, or compensating, customers by occasionally giving them free drinks is a fairly routine action by Starbucks coffee shops as a way to Surprise & Delight their customers. It's such a small gesture yet one that has big payoff. Surprise & Delight. The perfect description.\r\n\r\nThis morning a manager at my local starbucks told me that with their new rewards program, they are no longer allowing employees to comp drinks; the card system takes care of that automatically. Once you purchase 15 drinks, you'll get a free one. But doesn't that go against everything that 'Surprise & Delight' tries to achieve? Why the decision to suddenly outsource the personal connection? Now there is no surprise, only expectations\u2014and instead of delight a mere system of card-swipes.\r\n", "slug": "outsourcing-surprise-delight"}}, {"pk": 13, "model": "blog.article", "fields": {"status": "p", "is_featured": false, "subtitle": "", "title": "Time to stop", "display_title": false, "date_modified": "2010-10-09 10:57:23", "excerpt": "", "image_width": "p", "content": "", "date_published": "2010-10-09 10:51:21", "date_added": "2010-10-09 10:52:12", "content_markdown": "", "slug": "time-stop"}}, {"pk": 16, "model": "blog.article", "fields": {"status": "p", "is_featured": false, "subtitle": "", "title": "Christmas Traditions", "display_title": false, "date_modified": "2011-03-30 10:38:04", "excerpt": "", "image_width": "f", "content": "", "date_published": "2010-11-11 16:53:22", "date_added": "2010-11-11 16:54:09", "content_markdown": "", "slug": "christmas-traditions"}}, {"pk": 18, "model": "blog.article", "fields": {"status": "p", "is_featured": false, "subtitle": "", "title": "Panel Discussion", "display_title": false, "date_modified": "2011-06-14 12:21:41", "excerpt": "", "image_width": "p", "content": "<p>Last night I was able to sit on a panel of three designers giving a Q&amp;A with design students. The panel consisted of an ad agency designer, an in-house designer, and a freelancer (me). Questions varied from \"where do you find your inspiration?\" and \"how do you stay creative?\" to \"what's most important in a client relationship?\" and \"what is the average salary?\" One question I found interesting:</p>\n<p>He asked*: \"What things were you lacking when you started [designing]?\" <br>\nI said**: \"Well. Lot's of things. So many things. But the important part is I didn't <em>know</em> I was lacking those things. After school I just started working. We all start somewhere, and then you keep learning. </p>\n<p>I would have added: It's more important to focus on what you do know than what you don't. We start each day thinking we have things figured out and it's not until tomorrow that we realize we never did. </p>\n<p>*Not verbatim.<br>\n**Very much not verbatim.</p>", "date_published": "2011-01-27 16:02:46", "date_added": "2011-01-27 16:55:32", "content_markdown": "Last night I was able to sit on a panel of three designers giving a Q&A with design students. The panel consisted of an ad agency designer, an in-house designer, and a freelancer (me). Questions varied from \"where do you find your inspiration?\" and \"how do you stay creative?\" to \"what's most important in a client relationship?\" and \"what is the average salary?\" One question I found interesting:\r\n\r\nHe asked\\*: \"What things were you lacking when you started [designing]?\" <br>\r\nI said\\*\\*: \"Well. Lot's of things. So many things. But the important part is I didn't *know* I was lacking those things. After school I just started working. We all start somewhere, and then you keep learning. \r\n\r\nI would have added: It's more important to focus on what you do know than what you don't. We start each day thinking we have things figured out and it's not until tomorrow that we realize we never did. \r\n\r\n\\*Not verbatim.<br>\r\n\\*\\*Very much not verbatim.\r\n\r\n", "slug": "panel-discussion"}}, {"pk": 15, "model": "blog.article", "fields": {"status": "p", "is_featured": false, "subtitle": "", "title": "4 Shots", "display_title": false, "date_modified": "2010-10-25 18:44:13", "excerpt": "", "image_width": "p", "content": "", "date_published": "2010-10-25 18:41:30", "date_added": "2010-10-25 18:42:30", "content_markdown": "", "slug": "4-shots"}}, {"pk": 19, "model": "blog.article", "fields": {"status": "p", "is_featured": true, "subtitle": "", "title": "Designspiration", "display_title": false, "date_modified": "2011-03-30 10:38:03", "excerpt": "", "image_width": "f", "content": "<p>I get a lot of questions about where to find inspiration. The usual answer is Everywhere, which is true. But it's also just not. I <em>can</em> find inspiration everywhere, but it's usually from a few specific sources: FFFFound, Dieline, Dribbble, Barnes &amp; Noble, and most recently: <b>Designspiration</b>.</p>\n<p>Hence this post. Designspiration has been great for finding new inspiration and cataloguing it for later. My dashboard is always a great starting place when I need a jumpstart for a new project. I can see what others are finding plus add great design pieces that I find elsewhere. So while you won't see me posting on this blog about those design inspiration pieces, you'll now know where to go to find a small piece of my inspiration collection. </p>\n<p><a href=\"http://ds.pn/andrewramos\">My Designspiration Dashboard</a></p>", "date_published": "2011-03-30 10:16:34", "date_added": "2011-03-30 10:27:07", "content_markdown": "I get a lot of questions about where to find inspiration. The usual answer is Everywhere, which is true. But it's also just not. I <em>can</em> find inspiration everywhere, but it's usually from a few specific sources: FFFFound, Dieline, Dribbble, Barnes & Noble, and most recently: <b>Designspiration</b>.\r\n\r\nHence this post. Designspiration has been great for finding new inspiration and cataloguing it for later. My dashboard is always a great starting place when I need a jumpstart for a new project. I can see what others are finding plus add great design pieces that I find elsewhere. So while you won't see me posting on this blog about those design inspiration pieces, you'll now know where to go to find a small piece of my inspiration collection. \r\n\r\n<a href=\"http://ds.pn/andrewramos\">My Designspiration Dashboard</a>\r\n", "slug": "designspiration"}}, {"pk": 21, "model": "blog.article", "fields": {"status": "p", "is_featured": false, "subtitle": "", "title": "Vintage Denim Neckties", "display_title": true, "date_modified": "2011-04-30 11:27:21", "excerpt": "", "image_width": "f", "content": "<p>These spectacular <a href=\"http://jachristensen-maker.blogspot.com/\">ties by J. A. Christensen</a> are made of vintage denim from the 30s and 40s and are made on a single-needle sewing machine. While the first run has sold out, I'm hoping to pick one up when his second run comes out in May.</p>", "date_published": "2011-04-30 11:16:20", "date_added": "2011-04-30 11:25:26", "content_markdown": "These spectacular <a href=\"http://jachristensen-maker.blogspot.com/\">ties by J. A. Christensen</a> are made of vintage denim from the 30s and 40s and are made on a single-needle sewing machine. While the first run has sold out, I'm hoping to pick one up when his second run comes out in May.\r\n", "slug": "vintage-denim-neckties"}}, {"pk": 23, "model": "blog.article", "fields": {"status": "p", "is_featured": true, "subtitle": "A tiny Twitter client that keeps you focused on your work", "title": "Introducing Wren for Mac", "display_title": true, "date_modified": "2011-06-21 16:57:11", "excerpt": "", "image_width": "f", "content": "<p>Today I'm proud to announce Wren for Mac, a small Twitter app for the Mac desktop. Wren keeps you focused on what you're doing by not showing the timeline. It lets you quickly jot down a thought, link or comment to someone and then get back to what you were doing. You can even save a tweet for later to get just the right wording, or to spread your tweets throughout the day. Learn a bit more at <a href=\"http://www.wrenapp.com/\">wrenapp.com</a> and pick up a copy on the <a href=\"http://j.mp/wrenapp\">Mac app store</a>. <b>$4.99 for a limited time!</b></p>\n<p>This app is the result of many months of work by myself and <a href=\"http://www.kevinsmith.cc\">Kevin Smith</a>. It has been a lot of time, work and late nights\u2014but it's also been a lot of fun. It was honestly something we just saw a need for. I can read the timeline on several awesome apps (Twitter and Tweetbot coming to mind first), but when I'm working I want a quick way to simply share something new. Wren was my first app to design and seeing it finally launch feels <em>absolutely</em> fantastic\u2014but there's a lot more in store for Wren. For now, I hope you enjoy using it as much as I do. </p>", "date_published": "2011-06-21 16:47:13", "date_added": "2011-06-10 14:23:39", "content_markdown": "Today I'm proud to announce Wren for Mac, a small Twitter app for the Mac desktop. Wren keeps you focused on what you're doing by not showing the timeline. It lets you quickly jot down a thought, link or comment to someone and then get back to what you were doing. You can even save a tweet for later to get just the right wording, or to spread your tweets throughout the day. Learn a bit more at <a href=\"http://www.wrenapp.com/\">wrenapp.com</a> and pick up a copy on the [Mac app store](http://j.mp/wrenapp). <b>$4.99 for a limited time!</b>\r\n\r\nThis app is the result of many months of work by myself and [Kevin Smith](http://www.kevinsmith.cc). It has been a lot of time, work and late nights\u2014but it's also been a lot of fun. It was honestly something we just saw a need for. I can read the timeline on several awesome apps (Twitter and Tweetbot coming to mind first), but when I'm working I want a quick way to simply share something new. Wren was my first app to design and seeing it finally launch feels *absolutely* fantastic\u2014but there's a lot more in store for Wren. For now, I hope you enjoy using it as much as I do. ", "slug": "wren"}}, {"pk": 24, "model": "blog.article", "fields": {"status": "p", "is_featured": true, "subtitle": "", "title": "All Things Must End", "display_title": true, "date_modified": "2011-06-14 12:21:12", "excerpt": "", "image_width": "f", "content": "<p>I recently sold my first car. Well, it wasn't <em>really</em> my first car. But it was the first one that got me excited about cars rather than just having a license. It was a 1987 Honda CRX Si, a quick and nimble two-seater that was a sheer blast to drive. So many good memories with that car: delivering pizzas, <s>running from cops</s> <em>exploring backroads quickly</em> and surviving 1 (almost 2) engine swaps. From the beginning I had planned to restore the CRX back to her former glory. New seats, interior, wheels and paint. A new motor for more power, new shocks/struts/sway bars for stability and new brakes/pads/brake-lines to bring it to a stop. I even found some parts from the european market that were never available here. I can't count the number of hours I spent finding parts and planning the details of the project. </p>\n<p>Fast-forward four years and life looks a bit different. Goals have changed, my business is growing (read: <em>I have no time</em>) and weeks are passing faster than you can spend them. My once prominent dream of a restored CRX has been overshadowed by new and exciting things. The rebuilt D16 engine that was last swapped in will now power a pretty little red 3rd Gen hatchback, and all the parts I had sourced have gone to new homes. All that's left is the Si emblem that once adorned the back hatch, a memento of my younger days and my first car.</p>", "date_published": "2011-06-10 16:23:47", "date_added": "2011-06-10 16:36:45", "content_markdown": "I recently sold my first car. Well, it wasn't *really* my first car. But it was the first one that got me excited about cars rather than just having a license. It was a 1987 Honda CRX Si, a quick and nimble two-seater that was a sheer blast to drive. So many good memories with that car: delivering pizzas, <s>running from cops</s> *exploring backroads quickly* and surviving 1 (almost 2) engine swaps. From the beginning I had planned to restore the CRX back to her former glory. New seats, interior, wheels and paint. A new motor for more power, new shocks/struts/sway bars for stability and new brakes/pads/brake-lines to bring it to a stop. I even found some parts from the european market that were never available here. I can't count the number of hours I spent finding parts and planning the details of the project. \r\n\r\nFast-forward four years and life looks a bit different. Goals have changed, my business is growing (read: *I have no time*) and weeks are passing faster than you can spend them. My once prominent dream of a restored CRX has been overshadowed by new and exciting things. The rebuilt D16 engine that was last swapped in will now power a pretty little red 3rd Gen hatchback, and all the parts I had sourced have gone to new homes. All that's left is the Si emblem that once adorned the back hatch, a memento of my younger days and my first car.", "slug": "all-things-must-end"}}, {"pk": 2, "model": "blog.casestudy", "fields": {"status": "p", "is_featured": false, "title": "Southern Savers", "date_modified": "2011-01-25 16:07:21", "excerpt": "", "image_width": "f", "content": "<p>Southern Savers is a site that makes saving money on groceries easy and rewarding. When Jenny Martin decided it was time to give the brand a new look, she first tapped Matthew Smith of Squared Eye for the web design, who then brought me in for the identity and illustration. What a great project to work on! Jenny has done such a good job of building up this business and works so hard to make saving money easy for the rest of us. She's passionate about her work and loves what she does so I was thrilled to be a part of the project.</p>\n<p>My part started with a call and questionnaire to learn more about Jenny, Southern Savers and how she interacts with visitors and fans. Next came a mood board, a part of my process which gives me a really good feel for what the client likes and dislikes, and Jenny gave us really great feedback\u2014She was excellent to work with! Because Jenny is such a big part of the Southern Savers brand, her personality and likes/dislikes played a bigger part than normal in this particular project. </p>\n<p>After that process, I take all of her feedback from the mood board and sketch out several concepts (or directions). The direction she chose was one that used an illustration of her trademark magnolia, but paired it with an aesthetic that was along the lines of an older general store. A palette of blue and green seemed to really fit her personal aesthetics, as well as what she was trying to accomplish with the brand. Those colors generally evoke a sense of calm and casualness, obviously very appropriate for approaching something like Southern Savers, where people may think it's going to be complicated based on their past couponing fiascos. The hand-lettered type has an old-school feel without relying on weathering techniques, but is also clean and updated and pushes the classic southern style forward. </p>\n<p>From the beginning I wanted other illustrations to play a role in the branding, and give Matthew Smith from Squared Eye some nice visuals to work with as he designed the site. In my initial sketches, we presented some ideas of what accompanying illustrations might look like for each direction so that Jenny could see where we were headed. Once the logo was approved I moved my attention to the illustrations for the learning page of the site and to creating a small brand mascot\u2014Martin the chipmunk. These additional elements add a lot of fun and personality to the overall brand and were a lot of fun to create. </p>\n<p>Overall, it was really great to see a team of people come together to work on such a wonderful project. I'm really pleased with the way it all came together, and I think our team did an incredible job on the IA, Site Design, Development, Print Collateral and Project Management. The new site and brand has received great comments and reviews from it's users, and as always I'm excited to have played a part in that. Check out the <a href=\"http://www.southernsavers.com/\">Southern Savers site</a> to see this brand in action and to start saving money on your grocery bill!<br><br></p>\n<p><strong>Credits</strong>:<br>\nIdentity and illustration: <a href=\"http://www.andrewramos.com/\">Andrew Ramos</a><br>\nWebsite Design: <a href=\"http://www.squaredeye.com/\">Squared Eye</a><br>\nStrategy and IA: <a href=\"http://www.emilysmith.cc/\">Emily Smith</a><br>\nDevelopment: <a href=\"http://www.kevinsmith.cc/\">Kevin Smith</a><br>\nPrint Collateral: <a href=\"http://www.elizabethramos.com/\">Elizabeth Ramos</a><br>\nProject Management: <a href=\"http://www.twitter.com/jaminjantz\">Jamin Jantz</a><br><br></p>", "date_published": "2010-09-08 15:52:58", "date_added": "2010-09-08 16:05:35", "content_markdown": "Southern Savers is a site that makes saving money on groceries easy and rewarding. When Jenny Martin decided it was time to give the brand a new look, she first tapped Matthew Smith of Squared Eye for the web design, who then brought me in for the identity and illustration. What a great project to work on! Jenny has done such a good job of building up this business and works so hard to make saving money easy for the rest of us. She's passionate about her work and loves what she does so I was thrilled to be a part of the project.\r\n\r\nMy part started with a call and questionnaire to learn more about Jenny, Southern Savers and how she interacts with visitors and fans. Next came a mood board, a part of my process which gives me a really good feel for what the client likes and dislikes, and Jenny gave us really great feedback\u2014She was excellent to work with! Because Jenny is such a big part of the Southern Savers brand, her personality and likes/dislikes played a bigger part than normal in this particular project. \r\n\r\nAfter that process, I take all of her feedback from the mood board and sketch out several concepts (or directions). The direction she chose was one that used an illustration of her trademark magnolia, but paired it with an aesthetic that was along the lines of an older general store. A palette of blue and green seemed to really fit her personal aesthetics, as well as what she was trying to accomplish with the brand. Those colors generally evoke a sense of calm and casualness, obviously very appropriate for approaching something like Southern Savers, where people may think it's going to be complicated based on their past couponing fiascos. The hand-lettered type has an old-school feel without relying on weathering techniques, but is also clean and updated and pushes the classic southern style forward. \r\n\r\nFrom the beginning I wanted other illustrations to play a role in the branding, and give Matthew Smith from Squared Eye some nice visuals to work with as he designed the site. In my initial sketches, we presented some ideas of what accompanying illustrations might look like for each direction so that Jenny could see where we were headed. Once the logo was approved I moved my attention to the illustrations for the learning page of the site and to creating a small brand mascot\u2014Martin the chipmunk. These additional elements add a lot of fun and personality to the overall brand and were a lot of fun to create. \r\n\r\nOverall, it was really great to see a team of people come together to work on such a wonderful project. I'm really pleased with the way it all came together, and I think our team did an incredible job on the IA, Site Design, Development, Print Collateral and Project Management. The new site and brand has received great comments and reviews from it's users, and as always I'm excited to have played a part in that. Check out the <a href=\"http://www.southernsavers.com/\">Southern Savers site</a> to see this brand in action and to start saving money on your grocery bill!<br><br>\r\n\r\n\r\n\r\n**Credits**:<br>\r\nIdentity and illustration: <a href=\"http://www.andrewramos.com/\">Andrew Ramos</a><br>\r\nWebsite Design: <a href=\"http://www.squaredeye.com/\">Squared Eye</a><br>\r\nStrategy and IA: <a href=\"http://www.emilysmith.cc/\">Emily Smith</a><br>\r\nDevelopment: <a href=\"http://www.kevinsmith.cc/\">Kevin Smith</a><br>\r\nPrint Collateral: <a href=\"http://www.elizabethramos.com/\">Elizabeth Ramos</a><br>\r\nProject Management: <a href=\"http://www.twitter.com/jaminjantz\">Jamin Jantz</a><br><br>\r\n", "slug": "southern-savers"}}, {"pk": 1, "model": "blog.shortpost", "fields": {"status": "p", "is_featured": true, "title": "Dropbox", "date_modified": "2010-08-12 15:43:18", "content": "<p>If you haven't tried Dropbox yet, I highly recommend it. It's a great way to share files with others and backup your work. Also, sign up via this link and we'll both get some complimentary MBs:</p>", "date_published": "2010-08-09 18:54:08", "link": "http://tiny.cc/morespace", "date_added": "2010-08-11 18:55:07", "content_markdown": "If you haven't tried Dropbox yet, I highly recommend it. It's a great way to share files with others and backup your work. Also, sign up via this link and we'll both get some complimentary MBs:", "slug": "dropbox"}}, {"pk": 3, "model": "blog.shortpost", "fields": {"status": "p", "is_featured": false, "title": "Today I wish I had a bicycle", "date_modified": "2011-04-26 11:00:14", "content": "<p>Not because the weather is particularly beautiful, although it is a fine day out. And not for the sake of exercise, even though it's a great benefit. Today I simply want to feel the wind rushing against my face as I peddle as fast and hard as I'm able, stopping only when I'm completely out of breath. Today a car feels like cheating, like I'm missing the point of movement.</p>", "date_published": "2011-04-26 10:49:27", "link": "", "date_added": "2011-04-26 10:58:34", "content_markdown": "Not because the weather is particularly beautiful, although it is a fine day out. And not for the sake of exercise, even though it's a great benefit. Today I simply want to feel the wind rushing against my face as I peddle as fast and hard as I'm able, stopping only when I'm completely out of breath. Today a car feels like cheating, like I'm missing the point of movement.", "slug": "today-i-wish-i-had-bicycle"}}, {"pk": 11, "model": "blog.shortpost", "fields": {"status": "p", "is_featured": false, "title": "What's making me laugh this week", "date_modified": "2011-05-14 13:46:07", "content": "<p>This Canadian Border Patrol sketch from HBO. It's an oldie, but well worth watching this very minute.</p>", "date_published": "2011-05-14 13:44:22", "link": "http://youtu.be/DFcIH2tK2iM", "date_added": "2011-05-14 13:45:22", "content_markdown": "This Canadian Border Patrol sketch from HBO. It's an oldie, but well worth watching this very minute.", "slug": "whats-making-me-laugh-this-week"}}, {"pk": 12, "model": "blog.shortpost", "fields": {"status": "p", "is_featured": false, "title": "Fear", "date_modified": "2011-06-03 13:13:35", "content": "<p>Every once in a while, I can hear a distant motorbike's high-pitched groaning as it tears down a neighboring street. The throaty rumble of the exhaust, the whine of the engine and the sound of leaves and twigs being crushed as it moves along it's path. <br>\n<br>\nIn my mind, I fear the smoke monster is coming.</p>", "date_published": "2011-06-03 12:57:14", "link": "", "date_added": "2011-06-03 13:06:06", "content_markdown": "Every once in a while, I can hear a distant motorbike's high-pitched groaning as it tears down a neighboring street. The throaty rumble of the exhaust, the whine of the engine and the sound of leaves and twigs being crushed as it moves along it's path. <br>\r\n<br>\r\nIn my mind, I fear the smoke monster is coming.", "slug": "smoke-monster"}}, {"pk": 2, "model": "blog.quote", "fields": {"status": "p", "is_featured": false, "author": " <a href=\"http://37signals.com/rework/\">Rework</a>, 37 Signals", "title": "Decisions are progress", "date_modified": "2010-08-22 00:15:41", "content": "<p>You can't build on top of \"We'll decide later,\" but you can build on top of \"Done.\" Decisions are progress.</p>", "date_published": "2010-08-18 09:24:29", "date_added": "2010-08-18 09:29:41", "content_markdown": "You can't build on top of \"We'll decide later,\" but you can build on top of \"Done.\" Decisions are progress.", "slug": "decisions-are-progress"}}, {"pk": 1, "model": "blog.quote", "fields": {"status": "p", "is_featured": false, "author": "Stephen King", "title": "The Scariest Moment", "date_modified": "2010-09-13 14:00:29", "content": "<p>The scariest moment is always just before you start.</p>", "date_published": "2010-08-06 18:51:07", "date_added": "2010-08-11 18:52:37", "content_markdown": "The scariest moment is always just before you start.", "slug": "scariest-moment"}}, {"pk": 3, "model": "blog.quote", "fields": {"status": "p", "is_featured": false, "author": "Demetri Martin", "title": "Fortnight", "date_modified": "2011-04-30 11:36:26", "content": "<p>I like when good things happen to me, but I wait two weeks to tell anyone because I like to use the word \u0091fortnight.\u0092\u0094</p>", "date_published": "2011-04-30 11:28:32", "date_added": "2011-04-30 11:35:54", "content_markdown": "I like when good things happen to me, but I wait two weeks to tell anyone because I like to use the word \u0091fortnight.\u0092\u0094", "slug": "fortnight"}}, {"pk": 5, "model": "blog.quote", "fields": {"status": "p", "is_featured": false, "author": "@WhollySchmidt", "title": "Texting & Driving", "date_modified": "2011-06-10 09:08:53", "content": "<p>Maybe the reason texting and driving is so dangerous is we just don't practice enough.</p>", "date_published": "2011-06-10 09:03:11", "date_added": "2011-06-10 09:04:56", "content_markdown": "Maybe the reason texting and driving is so dangerous is we just don't practice enough.", "slug": "texting-driving"}}, {"pk": 4, "model": "blog.quote", "fields": {"status": "p", "is_featured": false, "author": "Fran\u00e7ois Auguste Ren\u00e9 Chateaubriand", "title": "The Art of Living", "date_modified": "2011-06-14 12:22:01", "content": "<p>A master in the art of living draws no sharp distinction between his work and his play; his labor and his leisure; his mind and his body; his education and his recreation. He hardly knows which is which. He simply pursues his vision of excellence through whatever he is doing, and leaves others to determine whether he is working or playing. To himself, he always appears to be doing both.</p>", "date_published": "2011-05-22 14:55:03", "date_added": "2011-05-22 14:56:39", "content_markdown": "A master in the art of living draws no sharp distinction between his work and his play; his labor and his leisure; his mind and his body; his education and his recreation. He hardly knows which is which. He simply pursues his vision of excellence through whatever he is doing, and leaves others to determine whether he is working or playing. To himself, he always appears to be doing both.", "slug": "the-art-of-living"}}, {"pk": 2, "model": "portfolio.project", "fields": {"status": "p", "description": "Identity", "title": "The Trappe Door", "date_modified": "2011-01-25 15:27:05", "image_width": "f", "client": 2, "date_added": "2011-01-25 12:09:25", "case_study": null, "slug": "trappe-door-branding"}}, {"pk": 1, "model": "portfolio.project", "fields": {"status": "d", "description": "", "title": "Teaser Images", "date_modified": "2011-01-25 15:27:47", "image_width": "p", "client": 1, "date_added": "2010-08-11 19:13:43", "case_study": null, "slug": "teaser-images"}}, {"pk": 3, "model": "portfolio.project", "fields": {"status": "p", "description": "Identity", "title": "Somewhat Organic Soap Co.", "date_modified": "2011-01-25 16:18:04", "image_width": "f", "client": 3, "date_added": "2011-01-25 15:19:06", "case_study": null, "slug": "somewhat-organic-soap-co"}}, {"pk": 4, "model": "portfolio.project", "fields": {"status": "p", "description": "Identity", "title": "Southern Savers", "date_modified": "2011-01-25 16:18:43", "image_width": "f", "client": 4, "date_added": "2011-01-25 15:25:28", "case_study": 2, "slug": "southern-savers"}}, {"pk": 5, "model": "portfolio.project", "fields": {"status": "p", "description": "Identity, Website", "title": "Parachute Clothing", "date_modified": "2011-02-04 16:52:12", "image_width": "f", "client": 5, "date_added": "2011-02-04 16:44:48", "case_study": null, "slug": "parachute-clothing"}}, {"pk": 2, "model": "portfolio.portfoliopiece", "fields": {"date_modified": "2010-08-12 00:35:33", "image": "uploads/portfolio/Shopping-Cart.jpg", "object_id": 1, "content_type": 20, "date_added": "2010-08-11 19:13:43", "order": 2}}, {"pk": 1, "model": "portfolio.portfoliopiece", "fields": {"date_modified": "2010-08-12 01:57:28", "image": "uploads/portfolio/Start-Copy.jpg", "object_id": 1, "content_type": 20, "date_added": "2010-08-11 19:13:43", "order": 1}}, {"pk": 3, "model": "portfolio.portfoliopiece", "fields": {"date_modified": "2010-08-12 15:05:31", "image": "uploads/portfolio/Coupons.jpg", "object_id": 1, "content_type": 20, "date_added": "2010-08-12 15:03:55", "order": 3}}, {"pk": 4, "model": "portfolio.portfoliopiece", "fields": {"date_modified": "2010-08-12 15:05:31", "image": "uploads/portfolio/Max.jpg", "object_id": 1, "content_type": 20, "date_added": "2010-08-12 15:03:55", "order": 4}}, {"pk": 5, "model": "portfolio.portfoliopiece", "fields": {"date_modified": "2010-08-12 15:05:31", "image": "uploads/portfolio/Volume.jpg", "object_id": 1, "content_type": 20, "date_added": "2010-08-12 15:03:55", "order": 5}}, {"pk": 6, "model": "portfolio.portfoliopiece", "fields": {"date_modified": "2011-01-25 12:09:25", "image": "uploads/portfolio/TTD1.jpg", "object_id": 2, "content_type": 20, "date_added": "2011-01-25 12:09:25", "order": 1}}, {"pk": 7, "model": "portfolio.portfoliopiece", "fields": {"date_modified": "2011-01-25 12:10:47", "image": "uploads/portfolio/TTD2.jpg", "object_id": 2, "content_type": 20, "date_added": "2011-01-25 12:09:25", "order": 2}}, {"pk": 8, "model": "portfolio.portfoliopiece", "fields": {"date_modified": "2011-01-25 12:32:23", "image": "uploads/portfolio/TTD3_1.jpg", "object_id": 2, "content_type": 20, "date_added": "2011-01-25 12:09:25", "order": 3}}, {"pk": 9, "model": "portfolio.portfoliopiece", "fields": {"date_modified": "2011-01-25 15:19:06", "image": "uploads/portfolio/SOS-1b.jpg", "object_id": 3, "content_type": 20, "date_added": "2011-01-25 15:19:06", "order": 1}}, {"pk": 10, "model": "portfolio.portfoliopiece", "fields": {"date_modified": "2011-01-25 15:19:06", "image": "uploads/portfolio/SOS-2.jpg", "object_id": 3, "content_type": 20, "date_added": "2011-01-25 15:19:06", "order": 2}}, {"pk": 13, "model": "portfolio.portfoliopiece", "fields": {"date_modified": "2011-01-25 15:25:28", "image": "uploads/portfolio/SS-logo.jpg", "object_id": 4, "content_type": 20, "date_added": "2011-01-25 15:25:28", "order": 1}}, {"pk": 14, "model": "portfolio.portfoliopiece", "fields": {"date_modified": "2011-01-25 15:25:58", "image": "uploads/portfolio/SS-learning.jpg", "object_id": 4, "content_type": 20, "date_added": "2011-01-25 15:25:28", "order": 2}}, {"pk": 15, "model": "portfolio.portfoliopiece", "fields": {"date_modified": "2011-01-25 16:18:43", "image": "uploads/portfolio/SS-martin_1.jpg", "object_id": 4, "content_type": 20, "date_added": "2011-01-25 15:25:28", "order": 3}}, {"pk": 16, "model": "portfolio.portfoliopiece", "fields": {"date_modified": "2011-02-04 16:44:48", "image": "uploads/portfolio/Parachute1.jpg", "object_id": 5, "content_type": 20, "date_added": "2011-02-04 16:44:48", "order": 1}}, {"pk": 17, "model": "portfolio.portfoliopiece", "fields": {"date_modified": "2011-02-04 16:46:08", "image": "uploads/portfolio/Parachute2.jpg", "object_id": 5, "content_type": 20, "date_added": "2011-02-04 16:44:48", "order": 2}}, {"pk": 18, "model": "portfolio.portfoliopiece", "fields": {"date_modified": "2011-02-04 16:46:08", "image": "uploads/portfolio/Parachute3.jpg", "object_id": 5, "content_type": 20, "date_added": "2011-02-04 16:44:48", "order": 3}}, {"pk": 1, "model": "portfolio.client", "fields": {"client_name": "Personal"}}, {"pk": 2, "model": "portfolio.client", "fields": {"client_name": "The Trappe Door"}}, {"pk": 3, "model": "portfolio.client", "fields": {"client_name": "Somewhat Organic Soap Co."}}, {"pk": 4, "model": "portfolio.client", "fields": {"client_name": "Southern Savers"}}, {"pk": 5, "model": "portfolio.client", "fields": {"client_name": "Parachute Clothing"}}, {"pk": 1, "model": "content.frontpagecontent", "fields": {"enabled": false, "image": "uploads/front-page/shot_1279813053.png", "link": "http://dribbble.com/shots/37234-Keys"}}, {"pk": 2, "model": "content.frontpagecontent", "fields": {"enabled": false, "image": "uploads/front-page/shot_1281106568.png", "link": "http://dribbble.com/shots/42521-The-Trappe-Door-Identity-In-Progress"}}, {"pk": 3, "model": "content.frontpagecontent", "fields": {"enabled": false, "image": "uploads/front-page/New_iTunes_Icon.png", "link": "http://andrewramos.com/media/iTunes-icon.png"}}, {"pk": 5, "model": "content.frontpagecontent", "fields": {"enabled": false, "image": "uploads/front-page/Screen_shot_2010-10-06_at_3.29.21_PM.png", "link": "http://drbl.in/62701"}}, {"pk": 4, "model": "content.frontpagecontent", "fields": {"enabled": false, "image": "uploads/front-page/Screen_shot_2010-09-02_at_4.49.35_PM.png", "link": "http://drbl.in/51712"}}, {"pk": 6, "model": "content.frontpagecontent", "fields": {"enabled": false, "image": "uploads/front-page/Subpage.jpg", "link": "http://drbl.in/MWb"}}, {"pk": 10, "model": "content.frontpagecontent", "fields": {"enabled": true, "image": "uploads/front-page/Screen_shot_2011-03-23_at_9.11.08_PM_2.png", "link": "http://drbl.in/Yra"}}, {"pk": 12, "model": "content.frontpagecontent", "fields": {"enabled": true, "image": "uploads/front-page/Screen_shot_2011-04-13_at_3.41.07_PM_1.png", "link": "http://drbl.in/bcQD"}}, {"pk": 22, "model": "auth.permission", "fields": {"codename": "add_logentry", "name": "Can add log entry", "content_type": 8}}, {"pk": 23, "model": "auth.permission", "fields": {"codename": "change_logentry", "name": "Can change log entry", "content_type": 8}}, {"pk": 24, "model": "auth.permission", "fields": {"codename": "delete_logentry", "name": "Can delete log entry", "content_type": 8}}, {"pk": 4, "model": "auth.permission", "fields": {"codename": "add_group", "name": "Can add group", "content_type": 2}}, {"pk": 5, "model": "auth.permission", "fields": {"codename": "change_group", "name": "Can change group", "content_type": 2}}, {"pk": 6, "model": "auth.permission", "fields": {"codename": "delete_group", "name": "Can delete group", "content_type": 2}}, {"pk": 10, "model": "auth.permission", "fields": {"codename": "add_message", "name": "Can add message", "content_type": 4}}, {"pk": 11, "model": "auth.permission", "fields": {"codename": "change_message", "name": "Can change message", "content_type": 4}}, {"pk": 12, "model": "auth.permission", "fields": {"codename": "delete_message", "name": "Can delete message", "content_type": 4}}, {"pk": 1, "model": "auth.permission", "fields": {"codename": "add_permission", "name": "Can add permission", "content_type": 1}}, {"pk": 2, "model": "auth.permission", "fields": {"codename": "change_permission", "name": "Can change permission", "content_type": 1}}, {"pk": 3, "model": "auth.permission", "fields": {"codename": "delete_permission", "name": "Can delete permission", "content_type": 1}}, {"pk": 7, "model": "auth.permission", "fields": {"codename": "add_user", "name": "Can add user", "content_type": 3}}, {"pk": 8, "model": "auth.permission", "fields": {"codename": "change_user", "name": "Can change user", "content_type": 3}}, {"pk": 9, "model": "auth.permission", "fields": {"codename": "delete_user", "name": "Can delete user", "content_type": 3}}, {"pk": 46, "model": "auth.permission", "fields": {"codename": "add_article", "name": "Can add article", "content_type": 16}}, {"pk": 47, "model": "auth.permission", "fields": {"codename": "change_article", "name": "Can change article", "content_type": 16}}, {"pk": 48, "model": "auth.permission", "fields": {"codename": "delete_article", "name": "Can delete article", "content_type": 16}}, {"pk": 49, "model": "auth.permission", "fields": {"codename": "add_casestudy", "name": "Can add case study", "content_type": 17}}, {"pk": 50, "model": "auth.permission", "fields": {"codename": "change_casestudy", "name": "Can change case study", "content_type": 17}}, {"pk": 51, "model": "auth.permission", "fields": {"codename": "delete_casestudy", "name": "Can delete case study", "content_type": 17}}, {"pk": 43, "model": "auth.permission", "fields": {"codename": "add_image", "name": "Can add image", "content_type": 15}}, {"pk": 44, "model": "auth.permission", "fields": {"codename": "change_image", "name": "Can change image", "content_type": 15}}, {"pk": 45, "model": "auth.permission", "fields": {"codename": "delete_image", "name": "Can delete image", "content_type": 15}}, {"pk": 55, "model": "auth.permission", "fields": {"codename": "add_quote", "name": "Can add quote", "content_type": 19}}, {"pk": 56, "model": "auth.permission", "fields": {"codename": "change_quote", "name": "Can change quote", "content_type": 19}}, {"pk": 57, "model": "auth.permission", "fields": {"codename": "delete_quote", "name": "Can delete quote", "content_type": 19}}, {"pk": 52, "model": "auth.permission", "fields": {"codename": "add_shortpost", "name": "Can add short post", "content_type": 18}}, {"pk": 53, "model": "auth.permission", "fields": {"codename": "change_shortpost", "name": "Can change short post", "content_type": 18}}, {"pk": 54, "model": "auth.permission", "fields": {"codename": "delete_shortpost", "name": "Can delete short post", "content_type": 18}}, {"pk": 73, "model": "auth.permission", "fields": {"codename": "add_emailmessage", "name": "Can add email", "content_type": 25}}, {"pk": 74, "model": "auth.permission", "fields": {"codename": "change_emailmessage", "name": "Can change email", "content_type": 25}}, {"pk": 75, "model": "auth.permission", "fields": {"codename": "delete_emailmessage", "name": "Can delete email", "content_type": 25}}, {"pk": 76, "model": "auth.permission", "fields": {"codename": "add_frontpagecontent", "name": "Can add front page image", "content_type": 26}}, {"pk": 77, "model": "auth.permission", "fields": {"codename": "change_frontpagecontent", "name": "Can change front page image", "content_type": 26}}, {"pk": 78, "model": "auth.permission", "fields": {"codename": "delete_frontpagecontent", "name": "Can delete front page image", "content_type": 26}}, {"pk": 70, "model": "auth.permission", "fields": {"codename": "add_staticpage", "name": "Can add static page", "content_type": 24}}, {"pk": 71, "model": "auth.permission", "fields": {"codename": "change_staticpage", "name": "Can change static page", "content_type": 24}}, {"pk": 72, "model": "auth.permission", "fields": {"codename": "delete_staticpage", "name": "Can delete static page", "content_type": 24}}, {"pk": 13, "model": "auth.permission", "fields": {"codename": "add_contenttype", "name": "Can add content type", "content_type": 5}}, {"pk": 14, "model": "auth.permission", "fields": {"codename": "change_contenttype", "name": "Can change content type", "content_type": 5}}, {"pk": 15, "model": "auth.permission", "fields": {"codename": "delete_contenttype", "name": "Can delete content type", "content_type": 5}}, {"pk": 37, "model": "auth.permission", "fields": {"codename": "add_source", "name": "Can add source", "content_type": 13}}, {"pk": 38, "model": "auth.permission", "fields": {"codename": "change_source", "name": "Can change source", "content_type": 13}}, {"pk": 39, "model": "auth.permission", "fields": {"codename": "delete_source", "name": "Can delete source", "content_type": 13}}, {"pk": 34, "model": "auth.permission", "fields": {"codename": "add_storage", "name": "Can add storage", "content_type": 12}}, {"pk": 35, "model": "auth.permission", "fields": {"codename": "change_storage", "name": "Can change storage", "content_type": 12}}, {"pk": 36, "model": "auth.permission", "fields": {"codename": "delete_storage", "name": "Can delete storage", "content_type": 12}}, {"pk": 40, "model": "auth.permission", "fields": {"codename": "add_thumbnail", "name": "Can add thumbnail", "content_type": 14}}, {"pk": 41, "model": "auth.permission", "fields": {"codename": "change_thumbnail", "name": "Can change thumbnail", "content_type": 14}}, {"pk": 42, "model": "auth.permission", "fields": {"codename": "delete_thumbnail", "name": "Can delete thumbnail", "content_type": 14}}, {"pk": 61, "model": "auth.permission", "fields": {"codename": "add_category", "name": "Can add image", "content_type": 21}}, {"pk": 62, "model": "auth.permission", "fields": {"codename": "change_category", "name": "Can change image", "content_type": 21}}, {"pk": 63, "model": "auth.permission", "fields": {"codename": "delete_category", "name": "Can delete image", "content_type": 21}}, {"pk": 67, "model": "auth.permission", "fields": {"codename": "add_client", "name": "Can add client", "content_type": 23}}, {"pk": 68, "model": "auth.permission", "fields": {"codename": "change_client", "name": "Can change client", "content_type": 23}}, {"pk": 69, "model": "auth.permission", "fields": {"codename": "delete_client", "name": "Can delete client", "content_type": 23}}, {"pk": 64, "model": "auth.permission", "fields": {"codename": "add_portfoliopiece", "name": "Can add portfolio piece", "content_type": 22}}, {"pk": 65, "model": "auth.permission", "fields": {"codename": "change_portfoliopiece", "name": "Can change portfolio piece", "content_type": 22}}, {"pk": 66, "model": "auth.permission", "fields": {"codename": "delete_portfoliopiece", "name": "Can delete portfolio piece", "content_type": 22}}, {"pk": 58, "model": "auth.permission", "fields": {"codename": "add_project", "name": "Can add project", "content_type": 20}}, {"pk": 59, "model": "auth.permission", "fields": {"codename": "change_project", "name": "Can change project", "content_type": 20}}, {"pk": 60, "model": "auth.permission", "fields": {"codename": "delete_project", "name": "Can delete project", "content_type": 20}}, {"pk": 16, "model": "auth.permission", "fields": {"codename": "add_session", "name": "Can add session", "content_type": 6}}, {"pk": 17, "model": "auth.permission", "fields": {"codename": "change_session", "name": "Can change session", "content_type": 6}}, {"pk": 18, "model": "auth.permission", "fields": {"codename": "delete_session", "name": "Can delete session", "content_type": 6}}, {"pk": 19, "model": "auth.permission", "fields": {"codename": "add_site", "name": "Can add site", "content_type": 7}}, {"pk": 20, "model": "auth.permission", "fields": {"codename": "change_site", "name": "Can change site", "content_type": 7}}, {"pk": 21, "model": "auth.permission", "fields": {"codename": "delete_site", "name": "Can delete site", "content_type": 7}}, {"pk": 25, "model": "auth.permission", "fields": {"codename": "add_migrationhistory", "name": "Can add migration history", "content_type": 9}}, {"pk": 26, "model": "auth.permission", "fields": {"codename": "change_migrationhistory", "name": "Can change migration history", "content_type": 9}}, {"pk": 27, "model": "auth.permission", "fields": {"codename": "delete_migrationhistory", "name": "Can delete migration history", "content_type": 9}}, {"pk": 28, "model": "auth.permission", "fields": {"codename": "add_tag", "name": "Can add tag", "content_type": 10}}, {"pk": 29, "model": "auth.permission", "fields": {"codename": "change_tag", "name": "Can change tag", "content_type": 10}}, {"pk": 30, "model": "auth.permission", "fields": {"codename": "delete_tag", "name": "Can delete tag", "content_type": 10}}, {"pk": 31, "model": "auth.permission", "fields": {"codename": "add_taggeditem", "name": "Can add tagged item", "content_type": 11}}, {"pk": 32, "model": "auth.permission", "fields": {"codename": "change_taggeditem", "name": "Can change tagged item", "content_type": 11}}, {"pk": 33, "model": "auth.permission", "fields": {"codename": "delete_taggeditem", "name": "Can delete tagged item", "content_type": 11}}, {"pk": 79, "model": "auth.permission", "fields": {"codename": "add_tag", "name": "Can add Tag", "content_type": 27}}, {"pk": 80, "model": "auth.permission", "fields": {"codename": "change_tag", "name": "Can change Tag", "content_type": 27}}, {"pk": 81, "model": "auth.permission", "fields": {"codename": "delete_tag", "name": "Can delete Tag", "content_type": 27}}, {"pk": 82, "model": "auth.permission", "fields": {"codename": "add_taggeditem", "name": "Can add Tagged Item", "content_type": 28}}, {"pk": 83, "model": "auth.permission", "fields": {"codename": "change_taggeditem", "name": "Can change Tagged Item", "content_type": 28}}, {"pk": 84, "model": "auth.permission", "fields": {"codename": "delete_taggeditem", "name": "Can delete Tagged Item", "content_type": 28}}, {"pk": 1, "model": "auth.user", "fields": {"username": "mikemeyer", "first_name": "Michael", "last_name": "Meyer", "is_active": true, "is_superuser": true, "is_staff": true, "last_login": "2011-06-24 00:30:38", "groups": [], "user_permissions": [], "password": "[REDACTED]", "email": "[REDACTED]", "date_joined": "2010-08-11 00:43:32"}}, {"pk": 4, "model": "auth.user", "fields": {"username": "demouser", "first_name": "", "last_name": "", "is_active": true, "is_superuser": false, "is_staff": false, "last_login": "2011-02-07 17:23:00", "groups": [], "user_permissions": [], "password": "[REDACTED]", "email": "", "date_joined": "2011-02-07 17:23:00"}}, {"pk": 2, "model": "auth.user", "fields": {"username": "andrew", "first_name": "Andrew", "last_name": "Ramos", "is_active": true, "is_superuser": false, "is_staff": true, "last_login": "2011-06-17 18:40:38", "groups": [], "user_permissions": [22, 23, 24, 46, 47, 48, 49, 50, 51, 43, 44, 45, 55, 56, 57, 52, 53, 54, 73, 74, 75, 76, 77, 78, 70, 71, 72, 13, 14, 15, 37, 38, 39, 34, 35, 36, 40, 41, 42, 61, 62, 63, 67, 68, 69, 64, 65, 66, 58, 59, 60, 16, 17, 18, 25, 26, 27, 28, 29, 30, 31, 32, 33], "password": "[REDACTED]", "email": "[REDACTED]", "date_joined": "2010-08-11 01:09:37"}}]